question_id,test_id,certification,exam_version,objectives_version,question_version,batch_id,domain_id,domain_name,objective_id,objective_text,topic,concept_key,difficulty,question_type,question_style,question_instruction,question_text,answer_a,answer_b,answer_c,answer_d,correct_answers,correct_explanation,answer_a_explanation,answer_b_explanation,answer_c_explanation,answer_d_explanation,study_topics,source_ids,reference_notes,date_added,date_modified,date_reviewed,review_status,reviewer,quality_flags,author_notes
SEC701-0000001,SEC-701,CompTIA Security+,SY0-701,6.0,1,SEC701-SAMPLE-001,1.0,General Security Concepts,1.4,Explain the importance of using appropriate cryptographic solutions.,Digital signatures,digital-signature-origin-integrity,medium,single_choice,scenario,,A software vendor publishes an update and wants customers to verify that the update came from the vendor and was not altered after release. The vendor does not need to keep the update confidential. Which cryptographic solution best meets these requirements?,Encrypt the update with the vendor's public key,Sign the update hash with the vendor's private key,Publish an unsigned hash beside the update on the same server,Encrypt the update with a shared symmetric key,B,A digital signature is created with the vendor's private key and verified with the corresponding public key. Signing the update's hash provides origin authentication and integrity without making the update confidential.,Public-key encryption with the vendor's public key would allow only the vendor's private key to decrypt the update. It does not prove that the vendor created the update because anyone can use the public key to encrypt data.,"Signing the hash with the vendor's private key lets customers verify the signature with the public key, confirming the signer and detecting changes to the update.",A hash can detect changes only when the expected hash is obtained through a trusted or authenticated channel. An attacker who can replace both files on the same server could replace the hash too.,"Symmetric encryption can protect confidentiality, but public verification would require sharing the secret key. Anyone with that key could also create data that appears authentic.",Digital signatures|Hashing|Integrity|Origin authentication|Public key cryptography,SRC-COMPTIA-SY0701-V6|SRC-NIST-FIPS186-5,CompTIA objective 1.4; FIPS 186-5 digital signature purpose.,2026-07-19,2026-07-19,2026-07-19,approved,project-owner,,
SEC701-0000002,SEC-701,CompTIA Security+,SY0-701,6.0,1,SEC701-SAMPLE-001,2.0,"Threats, Vulnerabilities, and Mitigations",2.4,"Given a scenario, analyze indicators of malicious activity.",Password attacks,online-brute-force-single-account,easy,single_choice,comparison,,"Authentication logs show 8,000 failed sign-in attempts against one user account in 20 minutes. Each attempt uses a different candidate password. Which attack is most likely occurring?",Credential stuffing,Password spraying,Online brute-force attack,Pass-the-hash attack,C,An online brute-force attack repeatedly tries many candidate passwords against an account until one works. The single targeted account and changing password guesses distinguish it from password spraying.,"Credential stuffing uses previously stolen username-and-password pairs, usually across other services. The scenario describes generated password guesses against one account rather than reuse of known credential pairs.","Password spraying normally tries one or a few common passwords against many accounts to reduce lockouts. Here, many passwords are being tried against one account.",Trying thousands of different candidate passwords against a single account is characteristic of an online brute-force attack.,Pass-the-hash uses a captured password hash to authenticate without knowing the plaintext password. It is not a sequence of password guesses in a sign-in form.,Brute-force attacks|Password spraying|Credential stuffing|Authentication logs,SRC-COMPTIA-SY0701-V6|SRC-CISA-BRUTE-FORCE,CompTIA objective 2.4; CISA descriptions of brute-force and password-spraying behavior.,2026-07-19,2026-07-19,2026-07-19,approved,project-owner,,
SEC701-0000003,SEC-701,CompTIA Security+,SY0-701,6.0,1,SEC701-SAMPLE-001,2.0,"Threats, Vulnerabilities, and Mitigations",2.5,Explain the purpose of mitigation techniques used to secure the enterprise.,Network isolation and segmentation,quarantine-segment-remediation-access,medium,single_choice,scenario,,A workstation is suspected of compromise. Analysts must prevent it from reaching production systems but still allow it to access an internal remediation server for approved tools and patches. Which mitigation best meets the requirement?,Place the workstation in a quarantine network segment with an access control list that permits only remediation services,Disable every network interface and keep the workstation completely disconnected,Reset the user's password and return the workstation to its normal production segment,Enable full-disk encryption on the workstation and reboot it,A,"A quarantine segment restricts the suspected system's network reach while an access control list permits only the narrowly required remediation traffic. This applies isolation, segmentation, and least privilege together.",A quarantine segment with a restrictive access control list blocks production access while preserving the specific network path needed for remediation.,"Complete disconnection can contain the host, but it also prevents the required access to the remediation server.","A password reset may address compromised credentials, but it does not isolate a potentially infected workstation from production systems.",Full-disk encryption protects data at rest. It does not restrict the workstation's network communications or stop lateral movement.,Network segmentation|Quarantine networks|Access control lists|Isolation|Least privilege,SRC-COMPTIA-SY0701-V6|SRC-NIST-SP800-207,"CompTIA objective 2.5; segmentation, isolation, access control, and least-privilege principles.",2026-07-19,2026-07-19,2026-07-19,approved,project-owner,,
SEC701-0000004,SEC-701,CompTIA Security+,SY0-701,6.0,1,SEC701-SAMPLE-001,3.0,Security Architecture,3.3,Compare and contrast concepts and strategies to protect data.,Tokenization,tokenization-reversible-surrogate,medium,single_choice,scenario,,"An application must store substitute values for customer account identifiers so transactions can be matched later. The application database should not retain the original identifiers, but a separately protected service must be able to recover them when authorized. Which data-protection technique is most appropriate?",Hashing,Data masking,Encryption,Tokenization,D,Tokenization replaces a sensitive value with a non-sensitive surrogate while a separately protected mapping or token service retains the relationship needed for authorized recovery.,"A properly designed cryptographic hash is intended to be one-way, so it is not appropriate when authorized recovery of the original identifier is required.","Data masking changes how data is displayed or presented, often for testing or limited viewing. It does not necessarily replace stored identifiers with mapped surrogate values.","Encryption converts the original value to ciphertext that can be decrypted with a key. It can protect the identifier, but the requirement specifically describes substitution with a separately maintained mapping, which is tokenization.",Tokenization substitutes a token for the original identifier and uses a protected mapping service or vault for authorized recovery.,Tokenization|Data masking|Hashing|Encryption|Data protection,SRC-COMPTIA-SY0701-V6|SRC-NIST-NCCOE-TOKENIZATION,CompTIA objective 3.3; NIST NCCoE data-protection guidance.,2026-07-19,2026-07-19,2026-07-19,approved,project-owner,,
SEC701-0000005,SEC-701,CompTIA Security+,SY0-701,6.0,2,SEC701-SAMPLE-001,3.0,Security Architecture,3.4,Explain the importance of resilience and recovery in security architecture.,Recovery objectives,rpo-rto-business-requirements,hard,single_choice,calculation,,"A business continuity plan states that, after an outage, no more than 15 minutes of transaction data may be lost and the customer portal must resume service within 2 hours. Which pairing correctly identifies these targets?",RTO of 15 minutes and RPO of 2 hours,RPO of 15 minutes and RTO of 2 hours,MTTR of 15 minutes and MTBF of 2 hours,RPO of 15 minutes and MTTR of 2 hours,B,"The recovery point objective measures how much recent data loss is acceptable, so it is 15 minutes. The recovery time objective measures how quickly service must be restored, so it is 2 hours.","This reverses the two objectives. The data-loss allowance is the recovery point objective, while the service-restoration deadline is the recovery time objective.","Fifteen minutes is the acceptable data-loss window, making it the RPO. Two hours is the required restoration time, making it the RTO.",Mean time to repair and mean time between failures are operational reliability metrics. They do not directly express the stated data-loss and restoration targets.,"Fifteen minutes is correctly identified as the RPO, but the two-hour service-restoration requirement is the RTO. MTTR is an average measure of repair or restoration time across incidents, not the stated maximum recovery deadline.",Recovery point objective|Recovery time objective|Business continuity|Disaster recovery,SRC-COMPTIA-SY0701-V6|SRC-NIST-SP800-34R1|SRC-NIST-GLOSSARY-RPO-RTO,CompTIA objective 3.4; NIST contingency-planning guidance and glossary definitions.,2026-07-19,2026-07-19,2026-07-19,approved,project-owner,,Version 2: replaced answer D because the original wording was semantically identical to answer A.
SEC701-0000006,SEC-701,CompTIA Security+,SY0-701,6.0,1,SEC701-SAMPLE-001,4.0,Security Operations,4.3,Explain various activities associated with vulnerability management.,Remediation validation,vulnerability-remediation-rescan,easy,single_choice,direct,,"A team applies a patch to remediate a vulnerability found by an authenticated scanner. Before closing the vulnerability ticket, which action most directly validates that the remediation succeeded?",Rescan the affected systems using the appropriate detection method,Mark the vulnerability as accepted in the risk register,Review the change ticket for required approvals,Wait for the next scheduled penetration test,A,Validation requires checking that the vulnerability is no longer detectable. A targeted rescan with the appropriate method provides direct technical evidence that the patch corrected the finding.,A rescan directly tests whether the original vulnerability is still present and is a standard validation step after remediation.,Risk acceptance is a treatment decision used when an organization chooses not to remediate or accepts residual risk. It does not verify that a patch worked.,"Reviewing approvals validates the change-management process, but it does not confirm that the technical vulnerability was removed.","A later penetration test might discover the issue, but waiting does not provide timely validation before closing the current ticket.",Vulnerability remediation|Rescanning|Validation|Vulnerability management,SRC-COMPTIA-SY0701-V6,"CompTIA objective 4.3 explicitly includes validation of remediation by rescanning, audit, or verification.",2026-07-19,2026-07-19,2026-07-19,approved,project-owner,,
SEC701-0000007,SEC-701,CompTIA Security+,SY0-701,6.0,1,SEC701-SAMPLE-001,4.0,Security Operations,4.6,"Given a scenario, implement and maintain identity and access management.",Authentication factors,password-hardware-key-factor-pair,easy,single_choice,direct,,A user authenticates with a password and a FIDO2 hardware security key. Which combination of authentication factors is being used?,Two knowledge factors,A knowledge factor and an inherence factor,A knowledge factor and a possession factor,A possession factor and an inherence factor,C,"A password is something the user knows, while a hardware security key is something the user has. Using factors from two different categories is multi-factor authentication.","The password is a knowledge factor, but the hardware security key is not another knowledge factor.","An inherence factor is something the user is, such as a biometric characteristic. No biometric is described.","The password provides the knowledge factor, and possession of the hardware key provides the possession factor.","The hardware key is a possession factor, but the password is knowledge rather than inherence.",Authentication factors|Multi-factor authentication|FIDO2|Hardware security keys,SRC-COMPTIA-SY0701-V6|SRC-NIST-SP800-63B-4,CompTIA objective 4.6; NIST authentication-factor definitions.,2026-07-19,2026-07-19,2026-07-19,approved,project-owner,,
SEC701-0000008,SEC-701,CompTIA Security+,SY0-701,6.0,1,SEC701-SAMPLE-001,4.0,Security Operations,4.8,Explain appropriate incident response activities.,Incident containment,ransomware-network-isolation-preserve-host,hard,single_choice,scenario,,Endpoint detection confirms that ransomware is actively spreading from a workstation. The response team wants to limit further spread while keeping the system powered for forensic acquisition. Which immediate action most directly supports containment?,Restore the user's files from the latest known-good backup,Delete the suspected ransomware executable from the workstation,Begin the post-incident lessons-learned meeting,Network-isolate the workstation through the EDR platform or switch,D,Network isolation blocks the compromised workstation from communicating with other systems while leaving it powered and available for controlled evidence acquisition. That directly supports containment.,Restoring from backup is a recovery activity. It should occur after the threat is contained and the environment is ready for safe restoration.,Deleting the executable is an eradication action and may alter evidence. It does not necessarily stop other malicious processes or network sessions already active.,Lessons learned is a post-incident improvement activity. It does not limit an attack that is still spreading.,Network isolation immediately restricts lateral communication while preserving the powered system for forensic work.,Incident response phases|Containment|Ransomware response|Evidence preservation|Endpoint isolation,SRC-COMPTIA-SY0701-V6|SRC-NIST-SP800-61R3,CompTIA objective 4.8; NIST incident-response guidance for limiting incident impact and supporting response and recovery.,2026-07-19,2026-07-19,2026-07-19,approved,project-owner,,
SEC701-0000009,SEC-701,CompTIA Security+,SY0-701,6.0,1,SEC701-SAMPLE-001,5.0,Security Program Management and Oversight,5.2,Explain elements of the risk management process.,Quantitative risk analysis,ale-from-sle-and-aro,medium,single_choice,calculation,,"A risk analysis estimates that one successful event would cause a loss of $50,000 and that the event is expected once every five years. What is the annual loss expectancy?","$2,500","$10,000","$50,000","$250,000",B,"An event expected once every five years has an annualized rate of occurrence of 0.2. ALE equals SLE multiplied by ARO, so $50,000 × 0.2 = $10,000.","$2,500 would result from using an ARO of 0.05, which represents once every 20 years rather than once every five years.","The ARO is 1 ÷ 5, or 0.2. Multiplying the $50,000 single loss expectancy by 0.2 gives a $10,000 annual loss expectancy.","$50,000 is the single loss expectancy, the estimated loss from one event, not the annualized amount.","$250,000 multiplies the loss by five years instead of annualizing the expected frequency.",Annual loss expectancy|Single loss expectancy|Annualized rate of occurrence|Quantitative risk analysis,SRC-COMPTIA-SY0701-V6|SRC-NIST-RISK-ALE,CompTIA objective 5.2; quantitative risk relationship ALE = SLE × ARO.,2026-07-19,2026-07-19,2026-07-19,approved,project-owner,,
SEC701-0000010,SEC-701,CompTIA Security+,SY0-701,6.0,1,SEC701-SAMPLE-001,5.0,Security Program Management and Oversight,5.3,Explain the processes associated with third-party risk assessment and management.,Service-level agreements,sla-measurable-provider-targets,medium,single_choice,scenario,,"An organization is negotiating a cloud-service contract. It needs a document that states 99.9% availability, a 30-minute response target for severity-one incidents, and remedies when those targets are missed. Which agreement should contain these commitments?",Service-level agreement,Non-disclosure agreement,Memorandum of understanding,Statement of work,A,"A service-level agreement defines measurable service commitments such as availability, response times, reporting expectations, and remedies or consequences when performance targets are not met.","An SLA is designed to document measurable service levels, responsibilities, response targets, and remedies for missed performance commitments.",An NDA restricts disclosure of specified confidential information. It does not normally define uptime or incident-response performance targets.,"An MOU records a general understanding or intent between parties, often without the detailed measurable service commitments described here.","A statement of work defines project scope, tasks, deliverables, and timelines. It may reference an SLA, but it is not the primary agreement for ongoing service-performance targets.",Service-level agreements|Third-party risk|Vendor contracts|Availability commitments|Incident response targets,SRC-COMPTIA-SY0701-V6|SRC-NIST-SP800-47R1,"CompTIA objective 5.3; NIST agreement guidance for service levels, performance, and response times.",2026-07-19,2026-07-19,2026-07-19,approved,project-owner,,
SEC701-0000011,SEC-701,CompTIA Security+,SY0-701,6.0,1,SEC701-BATCH-002,1.0,General Security Concepts,1.1,Compare and contrast various types of security controls.,Security control classification,physical-preventive-turnstile,easy,single_choice,direct,,An organization installs badge-controlled turnstiles at the entrance to stop unauthorized people from entering office areas. How should this control be classified?,Physical preventive control,Technical detective control,Operational corrective control,Managerial directive control,A,"The turnstiles are physical devices that block unauthorized entry before it occurs, making them physical preventive controls.",Turnstiles physically restrict entry and are intended to prevent unauthorized access before it happens.,"A technical detective control uses technology to identify or report events, such as an intrusion-detection alert. The turnstiles physically block entry.",An operational corrective control consists of people-driven activities that restore or repair conditions after an event. The turnstiles act before entry occurs.,A managerial directive control establishes expectations through governance or policy. The turnstiles are an implemented physical barrier.,Security control categories|Preventive controls|Physical access controls,SRC-COMPTIA-SY0701-V6|SRC-NIST-SP800-53R5,CompTIA objective 1.1; NIST physical access and control-catalog concepts.,2026-07-19,2026-07-19,2026-07-19,approved,project-owner,,
SEC701-0000012,SEC-701,CompTIA Security+,SY0-701,6.0,1,SEC701-BATCH-002,1.0,General Security Concepts,1.2,Summarize fundamental security concepts.,Zero Trust components,zero-trust-policy-enforcement-point,medium,single_choice,scenario,,"In a Zero Trust architecture, a component sits in the data path and opens, monitors, or terminates a connection after receiving an access decision from the control plane. Which component performs this function?",Policy engine,Policy administrator,Policy enforcement point,Identity provider,C,"The policy enforcement point is positioned in the data path and enforces access decisions by enabling, monitoring, and terminating connections.",The policy engine evaluates inputs and makes the access decision. It does not directly handle the subject-to-resource traffic path.,"The policy administrator communicates and carries out the policy engine's decision, including directing the enforcement point. It is not the data-path component described.",The policy enforcement point controls the actual connection between the subject and resource and enforces the control-plane decision.,An identity provider supplies identity and authentication information. It does not directly open or terminate the protected connection.,Zero Trust architecture|Policy enforcement point|Policy engine|Policy administrator,SRC-COMPTIA-SY0701-V6|SRC-NIST-SP800-207,CompTIA objective 1.2; NIST SP 800-207 logical components.,2026-07-19,2026-07-19,2026-07-19,approved,project-owner,,
SEC701-0000013,SEC-701,CompTIA Security+,SY0-701,6.0,1,SEC701-BATCH-002,1.0,General Security Concepts,1.3,Explain the importance of change management processes and the impact to security.,Change rollback planning,change-management-backout-plan,easy,single_choice,scenario,,"Before a firewall-rule change, an administrator documents the exact steps required to restore the previous rule set if validation fails. Which change-management artifact is being prepared?",Impact analysis,Backout plan,Maintenance window,Asset inventory,B,A backout plan defines how to reverse a change and restore the prior known-working configuration when implementation or validation fails.,"Impact analysis identifies systems, dependencies, risks, and business effects that the change could influence. It does not provide the reversal procedure.",The documented steps for returning to the previous firewall configuration are the backout plan.,A maintenance window identifies when the work may occur. It does not explain how to undo the change.,An asset inventory records systems and ownership information. It is useful for planning but is not a rollback procedure.,Change management|Backout plans|Configuration control|Firewall changes,SRC-COMPTIA-SY0701-V6|SRC-NIST-SP800-128,CompTIA objective 1.3; NIST security-focused configuration and change control.,2026-07-19,2026-07-19,2026-07-19,approved,project-owner,,
SEC701-0000014,SEC-701,CompTIA Security+,SY0-701,6.0,1,SEC701-BATCH-002,2.0,"Threats, Vulnerabilities, and Mitigations",2.1,Compare and contrast common threat actors and motivations.,Insider threats,insider-threat-revenge-motivation,medium,single_choice,scenario,,"After being denied a promotion, a database administrator uses still-authorized access to copy confidential records and publicly releases them solely to embarrass the employer. Which classification best describes the actor and motivation?",An organized-crime actor motivated by financial gain,A hacktivist motivated by political beliefs,A nation-state actor motivated by espionage,An insider threat motivated by revenge,D,"The administrator is an insider because the person has authorized organizational access, and the stated purpose of harming the employer after a workplace grievance indicates revenge.",Organized-crime actors commonly pursue profit. The scenario identifies an employee acting to harm the employer without a financial objective.,Hacktivists are generally driven by ideological or political objectives. No such belief or cause is stated.,Nation-state espionage seeks strategic or intelligence value on behalf of a government. The scenario describes an internal grievance.,"The actor is an employee using legitimate access, and the retaliatory disclosure is motivated by revenge.",Threat actors|Insider threats|Threat motivations|Authorized access misuse,SRC-COMPTIA-SY0701-V6|SRC-CISA-INSIDER-THREAT,CompTIA objective 2.1; CISA insider-threat definition and mitigation guidance.,2026-07-19,2026-07-19,2026-07-19,approved,project-owner,,
SEC701-0000015,SEC-701,CompTIA Security+,SY0-701,6.0,1,SEC701-BATCH-002,2.0,"Threats, Vulnerabilities, and Mitigations",2.2,Explain common threat vectors and attack surfaces.,Supply-chain attacks,compromised-vendor-update-supply-chain,medium,single_choice,scenario,,Attackers compromise a software vendor's build system and insert malware into an update that the vendor distributes to customers. Which threat vector does this scenario demonstrate?,Watering-hole attack,Supply-chain compromise,Removable-media attack,On-path attack,B,"Compromising the vendor's development or distribution process uses a trusted supplier relationship to reach downstream customers, which is a supply-chain attack.",A watering-hole attack compromises a site that intended victims are likely to visit. The scenario compromises a vendor's product pipeline instead.,The attackers abuse the software supplier and its trusted update process to distribute malicious code to customers.,A removable-media attack relies on devices such as USB drives. No removable device is involved.,"An on-path attack intercepts or alters communications between parties. Here, the malicious code is inserted at the vendor before distribution.",Supply-chain risk|Software updates|Trusted vendors|Build-system compromise,SRC-COMPTIA-SY0701-V6|SRC-NIST-SP800-161R1,CompTIA objective 2.2; NIST cybersecurity supply-chain risk guidance.,2026-07-19,2026-07-19,2026-07-19,approved,project-owner,,
SEC701-0000016,SEC-701,CompTIA Security+,SY0-701,6.0,1,SEC701-BATCH-002,2.0,"Threats, Vulnerabilities, and Mitigations",2.2,Explain common threat vectors and attack surfaces.,Message-based social engineering,smishing-payroll-text-message,easy,single_choice,scenario,,An employee receives a text message that claims to be from payroll and links to a lookalike sign-in page. Which term most specifically describes this attack?,Smishing,Vishing,Business email compromise,Watering-hole attack,A,Smishing is phishing delivered through SMS or another text-messaging service. The fake payroll message attempts to steal credentials through a malicious link.,"The attack is delivered by text message, making smishing the most specific term.",Vishing uses a voice call or voice message to conduct social engineering rather than a text message.,"Business email compromise uses email and impersonation to induce fraudulent actions, commonly payments or data disclosure. The channel here is SMS.",A watering-hole attack compromises a website frequently visited by a target group. The attacker directly sent a malicious message instead.,Smishing|Phishing channels|Credential harvesting|Brand impersonation,SRC-COMPTIA-SY0701-V6|SRC-CISA-PHISHING,CompTIA objective 2.2; CISA phishing-channel and recognition guidance.,2026-07-19,2026-07-19,2026-07-19,approved,project-owner,,
SEC701-0000017,SEC-701,CompTIA Security+,SY0-701,6.0,1,SEC701-BATCH-002,2.0,"Threats, Vulnerabilities, and Mitigations",2.3,Explain various types of vulnerabilities.,Race conditions,toctou-file-symlink-race,hard,single_choice,scenario,,"A privileged service checks that a temporary file is owned by an approved user. Before the service opens the file by pathname, an attacker replaces the path with a symbolic link to a protected file. Which vulnerability is being exploited?",Buffer overflow,SQL injection,Time-of-check time-of-use race condition,Virtual machine escape,C,The resource changes between the ownership check and the later use of the pathname. This is a time-of-check time-of-use race condition.,A buffer overflow writes beyond an allocated memory boundary. The scenario involves a change in file state between two operations.,SQL injection changes a database query through untrusted input. No SQL command or database query is involved.,"The attacker exploits the interval between checking the file and using it, invalidating the result of the earlier check.",A virtual machine escape crosses a virtualization boundary from a guest into the host or another guest. The scenario concerns filesystem timing.,Race conditions|TOCTOU|File-system security|Symbolic links,SRC-COMPTIA-SY0701-V6|SRC-MITRE-CWE367,CompTIA objective 2.3; MITRE CWE-367 definition and examples.,2026-07-19,2026-07-19,2026-07-19,approved,project-owner,,
SEC701-0000018,SEC-701,CompTIA Security+,SY0-701,6.0,1,SEC701-BATCH-002,3.0,Security Architecture,3.1,Compare and contrast security implications of different architecture models.,Container architecture,containers-shared-host-kernel,medium,single_choice,comparison,,Which security implication most directly distinguishes many application containers from traditional virtual machines?,Each container requires a separate guest operating system and hypervisor,Container images cannot be vulnerability-scanned before deployment,Containers cannot be segmented from one another at the network layer,"Multiple containers often share the host kernel, so a kernel compromise can affect several workloads",D,Containers commonly provide operating-system-level isolation while sharing the host kernel. A kernel or container-runtime compromise can therefore affect multiple containers on the host.,Traditional virtual machines commonly include separate guest operating systems. Containers generally package applications and dependencies while sharing the host kernel.,"Container images can and should be scanned for vulnerabilities, secrets, and policy violations before deployment.","Containers can be isolated with namespaces, network policies, segmentation, and other controls, although those controls must be configured correctly.",Shared-kernel architecture is a central security distinction because the kernel is part of the isolation boundary for multiple containers.,Containers vs virtual machines|Shared kernels|Container isolation|Container runtime security,SRC-COMPTIA-SY0701-V6|SRC-NIST-SP800-190,CompTIA objective 3.1; NIST container architecture and security concerns.,2026-07-19,2026-07-19,2026-07-19,approved,project-owner,,
SEC701-0000019,SEC-701,CompTIA Security+,SY0-701,6.0,1,SEC701-BATCH-002,3.0,Security Architecture,3.2,"Given a scenario, apply security principles to secure enterprise infrastructure.",DMZ architecture,dmz-web-tier-internal-database,hard,single_choice,scenario,,A public e-commerce application requires a web server and a database server. Which design best limits direct exposure while preserving the required application flow?,"Place the web server in a DMZ, keep the database on an internal segment, and allow only the required database connection from the web server",Place both servers in the DMZ and permit Internet access to the web and database service ports,Place both servers on the internal user network and allow inbound Internet traffic to the entire subnet,Place the database in the DMZ and allow the internal web server to query it through any outbound port,A,"The public-facing web tier belongs in a DMZ, while the database remains on a more trusted internal segment. A narrowly scoped firewall rule permits only the application traffic that is required.",This design separates the exposed service from the sensitive data tier and applies least privilege to the permitted connection.,Exposing the database service to the Internet unnecessarily increases the attack surface even if the web server is also in the DMZ.,Placing public-facing systems on the user network and opening the subnet weakens segmentation and exposes unrelated internal hosts.,The database is the more sensitive tier and should not be the public-facing component. Allowing any outbound port also violates least privilege.,DMZ design|Network segmentation|Three-tier architecture|Firewall rules|Least privilege,SRC-COMPTIA-SY0701-V6|SRC-NIST-SP800-41R1,CompTIA objective 3.2; NIST firewall placement and policy guidance.,2026-07-19,2026-07-19,2026-07-19,approved,project-owner,,
SEC701-0000020,SEC-701,CompTIA Security+,SY0-701,6.0,1,SEC701-BATCH-002,3.0,Security Architecture,3.2,"Given a scenario, apply security principles to secure enterprise infrastructure.",Failure modes,nac-policy-server-fail-closed,medium,single_choice,scenario,,A network access control appliance cannot reach its policy server. The security requirement states that devices that cannot be validated must not enter the production network until validation is restored. Which failure mode satisfies the requirement?,Fail-open,Active-active,Fail-closed,Load-balanced,C,"Fail-closed denies access when the control cannot validate or safely process the request, matching the requirement to block unverified devices.","Fail-open would permit access when the validation service is unavailable, contradicting the requirement.",Active-active describes multiple components operating concurrently for availability. It does not define whether access is allowed during validation failure.,Fail-closed preserves the security restriction by denying access until the control can validate the device.,Load balancing distributes requests across resources. It does not specify the authorization result when policy validation fails.,Fail-open vs fail-closed|Network access control|Secure failure modes,SRC-COMPTIA-SY0701-V6|SRC-NIST-SP800-53R5,CompTIA objective 3.2; secure default and fail-safe control principles.,2026-07-19,2026-07-19,2026-07-19,approved,project-owner,,
SEC701-0000021,SEC-701,CompTIA Security+,SY0-701,6.0,1,SEC701-BATCH-002,4.0,Security Operations,4.1,"Given a scenario, apply common security techniques to computing resources.",Application allowlisting,kiosk-application-allowlisting,easy,single_choice,scenario,,"Shared kiosks should run only an approved browser and a management agent. Any other executable must be blocked, including previously unknown malware. Which technique best meets the requirement?",Signature-based denylisting,Application allowlisting,Full-disk encryption,Passive network monitoring,B,"Application allowlisting permits only explicitly approved software to execute, which blocks both known and unknown unauthorized programs on tightly controlled kiosks.",Denylisting blocks items already identified as unwanted. Newly created or unknown executables may not yet appear on the list.,Allowlisting matches the requirement by permitting the browser and agent while blocking everything else by default.,Full-disk encryption protects stored data when the device is powered off or the drive is removed. It does not restrict which programs can run.,Passive monitoring can observe traffic but does not prevent unauthorized executables from launching.,Application allowlisting|Endpoint hardening|Secure kiosks|Default deny,SRC-COMPTIA-SY0701-V6|SRC-NIST-SP800-53R5,CompTIA objective 4.1; NIST software execution restriction controls.,2026-07-19,2026-07-19,2026-07-19,approved,project-owner,,
SEC701-0000022,SEC-701,CompTIA Security+,SY0-701,6.0,1,SEC701-BATCH-002,4.0,Security Operations,4.2,"Explain the security implications of proper hardware, software, and data asset management.",Media sanitization,ssd-cryptographic-erase-for-reuse,hard,single_choice,scenario,,A self-encrypting SSD that stored confidential data will be reassigned for reuse. The organization centrally manages the media-encryption key and has a validated cryptographic-erase process. Which action best sanitizes the data while allowing the drive to be reused?,Delete the files and empty the recycle bin,Perform a quick format of the SSD,Physically shred the SSD,Perform the validated cryptographic erase by securely destroying the media-encryption key,D,"A validated cryptographic erase sanitizes encrypted media by securely eliminating the key needed to decrypt the stored data, while leaving the physical device available for reuse.",File deletion normally removes references to data rather than making the underlying data infeasible to recover.,A quick format recreates filesystem structures but generally does not sanitize all previously stored data.,"Physical destruction can make recovery infeasible, but it also prevents the required reuse of the SSD.","When all target data is properly encrypted and the process is validated, destroying the encryption key can sanitize the drive without destroying the hardware.",Media sanitization|Cryptographic erase|SSD disposal and reuse|Data remanence,SRC-COMPTIA-SY0701-V6|SRC-NIST-SP800-88R2,CompTIA objective 4.2; current NIST media-sanitization guidance.,2026-07-19,2026-07-19,2026-07-19,approved,project-owner,,
SEC701-0000023,SEC-701,CompTIA Security+,SY0-701,6.0,2,SEC701-BATCH-002,4.0,Security Operations,4.4,Explain security alerting and monitoring concepts and tools.,SIEM alert tuning,siem-approved-scanner-exception,medium,single_choice,scenario,,A SIEM generates thousands of alerts from an authorized vulnerability scanner during its approved weekly scan. The scanner has fixed source addresses and a documented schedule. Analysts want to suppress only this known activity. What is the best tuning change?,Create an exception limited to that scanner and scheduled window,Suppress all vulnerability-scan alerts during the scheduled window,Delete the scanner events before they reach the SIEM,Raise the alert severity so the events receive faster review,A,A narrowly scoped exception recognizes the approved scanner and schedule while preserving detection of similar activity from other sources or times.,"The exception is limited to the known scanner and authorized window, so equivalent activity outside those conditions still produces alerts.",Suppressing every scan alert during the window could hide activity from an unapproved scanner operating at the same time.,"Deleting events removes evidence that may be useful for validation, troubleshooting, or later investigation.",Higher severity does not reduce the false-positive volume and may increase analyst workload.,SIEM tuning|False positives|Vulnerability scanners|Alert exceptions|Log preservation,SRC-COMPTIA-SY0701-V6|SRC-NIST-SP800-137,CompTIA objective 4.4; continuous-monitoring analysis and response to findings.,2026-07-19,2026-07-27,2026-07-27,approved,terminology-and-answer-balance-audit,,Revised during the Security+ terminology and answer-choice length audit.
SEC701-0000024,SEC-701,CompTIA Security+,SY0-701,6.0,1,SEC701-BATCH-002,4.0,Security Operations,4.5,"Given a scenario, modify enterprise capabilities to enhance security.",Intrusion prevention,inline-ips-blocks-exploit-traffic,easy,single_choice,direct,,"Which capability is designed to operate inline, detect malicious traffic, and automatically block matching packets before they reach the intended target?",Intrusion detection system,Data loss prevention system,Intrusion prevention system,DNS filtering service,C,"An intrusion prevention system can inspect traffic inline and take active action, such as dropping packets or terminating sessions, when it detects malicious activity.",An intrusion detection system identifies and reports suspicious activity but is generally not the inline blocking control described.,Data loss prevention focuses on detecting or preventing unauthorized disclosure of sensitive data rather than broadly blocking exploit traffic.,An IPS combines detection with active prevention and can block malicious packets before they reach the target.,DNS filtering controls domain-name resolution or access based on domain reputation and policy. It does not inspect and block arbitrary exploit packets inline.,IDS vs IPS|Inline security controls|Network intrusion prevention,SRC-COMPTIA-SY0701-V6|SRC-NIST-SP800-94,CompTIA objective 4.5; NIST intrusion detection and prevention definitions.,2026-07-19,2026-07-19,2026-07-19,approved,project-owner,,
SEC701-0000025,SEC-701,CompTIA Security+,SY0-701,6.0,1,SEC701-BATCH-002,4.0,Security Operations,4.7,Explain the importance of automation and orchestration related to secure operations.,Security automation safeguards,soar-high-impact-action-validation,hard,single_choice,scenario,,A SOAR playbook automatically disables a user account whenever a single geographically inconsistent sign-in alert fires. False positives are causing widespread account lockouts. Which improvement best preserves automation while reducing operational risk?,Disable all automated response actions and handle every alert manually,"Require corroborating signals or approval before disabling accounts, and provide a tested rollback path",Increase the playbook polling frequency so it reacts faster,Suppress geographically inconsistent sign-in alerts for every remote user,B,"High-impact automated actions should use sufficient validation, appropriate approval thresholds, and recovery mechanisms. Corroboration and rollback reduce false-positive harm without discarding automation.",Removing all automation avoids the specific lockout problem but also abandons the speed and consistency benefits that can be retained with safer controls.,"Corroborating evidence or an approval gate reduces erroneous disablements, while rollback supports quick recovery when an action is incorrect.",Faster polling would trigger the same faulty logic more quickly and does not improve decision quality.,Suppressing the alert for all remote users creates a broad monitoring blind spot and may hide genuine account compromise.,SOAR|Automation risks|Human approval gates|Corroborating evidence|Rollback procedures|Travel-anomaly alerts,SRC-COMPTIA-SY0701-V6|SRC-NIST-SP800-53R5,"CompTIA objective 4.7; automated response, control validation, and recovery safeguards.",2026-07-19,2026-07-19,2026-07-19,approved,project-owner,,
SEC701-0000026,SEC-701,CompTIA Security+,SY0-701,6.0,1,SEC701-BATCH-002,4.0,Security Operations,4.9,"Given a scenario, use data sources to support an investigation.",Investigation data sources,packet-capture-http-request-response,medium,single_choice,scenario,,"During an investigation, an analyst needs to determine the exact unencrypted HTTP request and response bytes exchanged between a workstation and a server. Which data source most directly provides this information?",DNS resolver log,Authentication log,Vulnerability scan report,Packet capture,D,A packet capture records network packets and can reveal the headers and payload bytes of unencrypted HTTP traffic exchanged during the captured session.,A DNS log can show name-resolution queries and responses but does not contain the HTTP request and response payloads.,"An authentication log records sign-in events and related identity data, not the full network exchange.",A vulnerability report identifies findings and affected assets but does not preserve the session's transmitted bytes.,A packet capture provides the network-level evidence needed to reconstruct an unencrypted request and response.,Packet captures|Network investigations|HTTP traffic|Log and data-source selection,SRC-COMPTIA-SY0701-V6|SRC-NIST-SP800-92,CompTIA objective 4.9; NIST log-management and investigation data-source concepts.,2026-07-19,2026-07-19,2026-07-19,approved,project-owner,,
SEC701-0000027,SEC-701,CompTIA Security+,SY0-701,6.0,1,SEC701-BATCH-002,5.0,Security Program Management and Oversight,5.1,Summarize elements of effective security governance.,Governance documents,encryption-standard-approved-algorithms,easy,single_choice,direct,,A security policy requires sensitive data to be encrypted. A second mandatory document lists the approved algorithms and minimum key lengths that all teams must use. What type of governance document is the second document?,Policy,Procedure,Standard,Guideline,C,"A standard provides mandatory, specific requirements that support a broader policy, such as approved encryption algorithms and minimum key sizes.",The policy states the high-level requirement to encrypt sensitive data. The second document supplies more specific mandatory rules.,A procedure provides step-by-step instructions for performing a task. A list of required algorithms and key lengths is a standard.,Standards translate policy into consistent mandatory technical or operational requirements.,A guideline is generally recommended rather than mandatory. The scenario states that every team must follow the document.,Policies vs standards|Procedures|Guidelines|Security governance,SRC-COMPTIA-SY0701-V6|SRC-NIST-CSF2,"CompTIA objective 5.1; NIST governance, policy, roles, and oversight concepts.",2026-07-19,2026-07-19,2026-07-19,approved,project-owner,,
SEC701-0000028,SEC-701,CompTIA Security+,SY0-701,6.0,1,SEC701-BATCH-002,5.0,Security Program Management and Oversight,5.4,Summarize elements of effective security compliance.,Privacy and data minimization,privacy-minimize-signup-data,medium,single_choice,scenario,,A newsletter signup form requests a full date of birth and a government identification number even though the service only needs an email address to deliver the newsletter. Which change best supports privacy compliance?,Collect only the email address and remove the unnecessary fields,Keep every field but encrypt the database,Keep every field and add a broad consent checkbox,Retain all signup data indefinitely for possible future analytics,A,Data minimization limits collection and processing to information that is necessary for the stated purpose. Removing unneeded sensitive fields reduces privacy risk and compliance burden.,Collecting only the information needed to provide the newsletter directly applies data minimization.,Encryption protects stored data but does not justify collecting sensitive information that the service does not need.,"Consent can be relevant, but a broad checkbox does not remove the risk created by unnecessary collection and processing.",Indefinite retention increases exposure and conflicts with limiting data processing to a defined purpose and period.,Data minimization|Privacy compliance|Purpose limitation|Data collection|Retention,SRC-COMPTIA-SY0701-V6|SRC-NIST-PRIVACY-FRAMEWORK,CompTIA objective 5.4; NIST Privacy Framework data-processing limitation and minimization.,2026-07-19,2026-07-19,2026-07-19,approved,project-owner,,
SEC701-0000029,SEC-701,CompTIA Security+,SY0-701,6.0,1,SEC701-BATCH-002,5.0,Security Program Management and Oversight,5.5,Explain types and purposes of audits and assessments.,Penetration testing approaches,black-box-external-penetration-test,medium,single_choice,scenario,,"An external penetration tester receives only the organization's public name and is given no credentials, network diagrams, source code, or internal configuration details. The tester is expected to simulate an uninformed outside attacker. Which assessment approach is being used?",White-box testing,Gray-box testing,Internal audit,Black-box testing,D,Black-box testing provides little or no internal knowledge and is intended to approximate the perspective of an external attacker discovering the environment independently.,"White-box testing provides extensive internal knowledge, such as architecture, credentials, configurations, or source code.",Gray-box testing provides partial knowledge or limited access. The tester in this scenario receives no internal information.,An internal audit evaluates controls and compliance from within an organization. It is not the external attack simulation described.,The absence of internal knowledge and credentials makes this a black-box assessment.,Black-box testing|White-box testing|Gray-box testing|Penetration testing,SRC-COMPTIA-SY0701-V6|SRC-NIST-SP800-115,CompTIA objective 5.5; NIST technical security testing and assessment approaches.,2026-07-19,2026-07-19,2026-07-19,approved,project-owner,,
SEC701-0000030,SEC-701,CompTIA Security+,SY0-701,6.0,1,SEC701-BATCH-002,5.0,Security Program Management and Oversight,5.6,"Given a scenario, implement security awareness practices.",Phishing awareness,phishing-reporting-rate-targeted-training,medium,single_choice,scenario,,"A phishing simulation shows that the employee click rate has decreased, but very few employees report suspicious messages to the security team. Which next step best addresses the remaining weakness?",Publicly identify employees who did not report the messages,"Provide targeted practice on the reporting process, then repeat the simulation and measure the reporting rate",Stop running simulations because the click rate improved,Block every external email attachment for all employees,B,"The remaining measurable gap is reporting behavior. Targeted practice, clear reporting instructions, and a later simulation directly teach and verify the needed response.",Public shaming can discourage participation and reporting. Awareness programs should build recognition and a reliable reporting culture.,"Training and practice focused on the reporting process address the observed weakness, and repeating the exercise provides a meaningful measurement.","A lower click rate is useful, but the low reporting rate shows that the awareness objective has not been fully met.",Blocking all attachments is a broad technical restriction that does not teach employees how to recognize and report phishing through other channels.,Security awareness|Phishing simulations|Reporting procedures|Awareness metrics,SRC-COMPTIA-SY0701-V6|SRC-CISA-PHISHING,"CompTIA objective 5.6; CISA anti-phishing training, reporting, simulation, and results-analysis guidance.",2026-07-19,2026-07-19,2026-07-19,approved,project-owner,,
SEC701-0000031,SEC-701,CompTIA Security+,SY0-701,6.0,1,SEC701-BATCH-003,1.0,General Security Concepts,1.2,Summarize fundamental security concepts.,Authorization,role-permission-refund-authorization,medium,single_choice,scenario,,"A user signs in successfully to a customer-service application. Before allowing the user to approve a refund, the application checks whether the user's assigned role includes refund approval. Which security function is the application performing?",Accounting,Authorization,Authentication,Non-repudiation,B,Authorization determines what an authenticated identity is permitted to do. The role check decides whether the signed-in user may approve refunds.,"Accounting records or reports activity, such as which user approved a refund and when. It does not decide whether the action is permitted.","The application is evaluating the user's role and permissions, which is authorization.","Authentication verifies an identity, such as during sign-in. The user has already authenticated before the permission check occurs.",Non-repudiation provides evidence that an action or message can be attributed to a party. It is not the access decision described.,Authentication vs authorization|AAA|Role-based access control|Permissions,SRC-COMPTIA-SY0701-V6|SRC-NIST-SP800-53R5,CompTIA objective 1.2; NIST access-control and identification concepts.,2026-07-19,2026-07-19,2026-07-19,approved,initial-quality-review,,Automatically approved during the accelerated build phase before the bank reaches 150 questions.
SEC701-0000032,SEC-701,CompTIA Security+,SY0-701,6.0,1,SEC701-BATCH-003,1.0,General Security Concepts,1.3,Explain the importance of change management processes and the impact to security.,Configuration version control,firewall-configuration-version-history,medium,single_choice,direct,,"A network team needs to compare proposed firewall configurations, identify who changed each rule, and restore a previously approved configuration when necessary. Which change-management capability best supports these requirements?",Impact analysis,Maintenance scheduling,Stakeholder notification,Version control,D,"Version control preserves configuration history, identifies changes and authors, supports comparison, and allows restoration of an earlier approved version.",Impact analysis evaluates dependencies and potential consequences before a change. It does not maintain a reusable history of configuration versions.,Maintenance scheduling defines when a change may be performed. It does not track or restore configuration revisions.,Stakeholder notification communicates planned or completed changes. It does not provide configuration comparison or rollback history.,Version control records revisions and authorship and supports comparison and restoration of prior configurations.,Change management|Version control|Configuration history|Rollback,SRC-COMPTIA-SY0701-V6|SRC-NIST-SP800-128,CompTIA objective 1.3; NIST security-focused configuration management.,2026-07-19,2026-07-19,2026-07-19,approved,initial-quality-review,,Automatically approved during the accelerated build phase before the bank reaches 150 questions.
SEC701-0000033,SEC-701,CompTIA Security+,SY0-701,6.0,1,SEC701-BATCH-003,1.0,General Security Concepts,1.4,Explain the importance of using appropriate cryptographic solutions.,Certificate revocation checking,ocsp-current-certificate-revocation-status,medium,single_choice,scenario,,"A browser receives a server certificate that is still within its validity dates. The browser must determine whether the issuing certificate authority has revoked that specific certificate, and it should obtain a timely status response without downloading a complete revocation list. Which mechanism should it use?",Online Certificate Status Protocol,Certificate signing request,Key escrow,Certificate pinning,A,OCSP allows a client to request the current revocation status of a particular X.509 certificate from an authorized responder without retrieving an entire certificate revocation list.,OCSP is designed to provide timely status information for a specific certificate.,A certificate signing request is submitted when requesting issuance of a certificate. It does not report whether an existing certificate has been revoked.,Key escrow stores or protects recovery copies of cryptographic keys. It is unrelated to certificate revocation status.,Certificate pinning restricts which certificate or public key a client will trust. It does not query the certificate authority for current revocation status.,OCSP|Certificate revocation|PKI|Certificate validity,SRC-COMPTIA-SY0701-V6|SRC-RFC6960,CompTIA objective 1.4; RFC 6960 OCSP purpose and operation.,2026-07-19,2026-07-19,2026-07-19,approved,initial-quality-review,,Automatically approved during the accelerated build phase before the bank reaches 150 questions.
SEC701-0000034,SEC-701,CompTIA Security+,SY0-701,6.0,1,SEC701-BATCH-003,2.0,"Threats, Vulnerabilities, and Mitigations",2.1,Compare and contrast common threat actors and motivations.,Threat actor capability and motivation,unskilled-attacker-notoriety-defacement,easy,single_choice,direct,,"An individual with little funding downloads a publicly available exploit tool, defaces a school website, and boasts about the attack online to gain recognition. Which description best fits this threat actor?",Organized crime motivated by financial gain,Nation-state actor motivated by espionage,Unskilled attacker motivated by notoriety,Insider threat motivated by revenge,C,"The actor relies on publicly available tools, has limited resources, and seeks recognition rather than financial or strategic gain. That pattern fits an unskilled attacker motivated by notoriety.",Organized crime generally has greater resources and commonly pursues financial gain. The scenario identifies neither.,"Nation-state actors are typically well resourced and pursue strategic, political, or intelligence objectives.",Limited skill and resources combined with public boasting for recognition match an unskilled attacker motivated by notoriety.,An insider has authorized organizational access. The scenario does not identify an employee or other trusted internal party.,Threat actor attributes|Threat motivations|Unskilled attackers|Notoriety,SRC-COMPTIA-SY0701-V6,CompTIA objective 2.1 threat-actor attributes and motivations.,2026-07-19,2026-07-19,2026-07-19,approved,initial-quality-review,,Automatically approved during the accelerated build phase before the bank reaches 150 questions.
SEC701-0000035,SEC-701,CompTIA Security+,SY0-701,6.0,1,SEC701-BATCH-003,2.0,"Threats, Vulnerabilities, and Mitigations",2.2,Explain common threat vectors and attack surfaces.,Removable-media social engineering,baiting-labeled-usb-malware,easy,single_choice,scenario,,"An attacker leaves USB drives labeled 'Executive Salary Plan' in an employee break room. An employee connects one of the drives, causing malware to run. Which attack method is most directly demonstrated?",Removable-media baiting,Watering-hole attack,Vishing,On-path attack,A,The attacker uses an enticing label to persuade a victim to connect malicious removable media. This combines baiting with a removable-media attack vector.,"The attractive label is the bait, and the USB drive is the removable-media delivery mechanism.",A watering-hole attack compromises a website that intended victims are likely to visit.,Vishing uses voice calls or voice messages for social engineering.,An on-path attack intercepts or alters communication between two parties. No network interception is described.,Baiting|Removable media|Social engineering|USB security,SRC-COMPTIA-SY0701-V6|SRC-NIST-SP800-53R5,CompTIA objective 2.2; NIST media-use and removable-media controls.,2026-07-19,2026-07-19,2026-07-19,approved,initial-quality-review,,Automatically approved during the accelerated build phase before the bank reaches 150 questions.
SEC701-0000036,SEC-701,CompTIA Security+,SY0-701,6.0,1,SEC701-BATCH-003,2.0,"Threats, Vulnerabilities, and Mitigations",2.3,Explain various types of vulnerabilities.,SQL injection prevention,parameterized-query-prevents-sql-injection,medium,single_choice,scenario,,A web application builds a database query by concatenating a username supplied in an HTTP request. Testers can enter SQL syntax that changes the meaning of the query. Which code change most directly addresses the vulnerability?,Encode the application's HTML output,Encrypt the database storage volume,Disable client-side JavaScript,Use prepared statements with bound parameters,D,"Prepared statements with parameter binding keep user input separate from SQL command structure, preventing the input from being interpreted as executable SQL.",Output encoding is a primary defense against cross-site scripting when placing untrusted data into HTML. It does not separate input from SQL syntax.,Storage encryption protects database files at rest. It does not prevent the application from executing a maliciously altered query.,Disabling client-side JavaScript does not change how the server constructs its SQL statement.,"Parameterized queries treat the username as data rather than SQL code, directly addressing the injection flaw.",SQL injection|Prepared statements|Parameterized queries|Input handling,SRC-COMPTIA-SY0701-V6|SRC-OWASP-SQLI,CompTIA objective 2.3; OWASP SQL Injection Prevention guidance.,2026-07-19,2026-07-19,2026-07-19,approved,initial-quality-review,,Automatically approved during the accelerated build phase before the bank reaches 150 questions.
SEC701-0000037,SEC-701,CompTIA Security+,SY0-701,6.0,1,SEC701-BATCH-003,2.0,"Threats, Vulnerabilities, and Mitigations",2.4,"Given a scenario, analyze indicators of malicious activity.",DNS tunneling indicators,dns-tunneling-long-encoded-subdomains,hard,single_choice,scenario,,"A workstation begins sending frequent DNS TXT queries to one external domain. The query names contain unusually long, high-entropy subdomain labels, and the volume of DNS data is much greater than the host's normal baseline. Which malicious activity is most consistent with these indicators?",Domain generation algorithm activity,DNS tunneling,ARP spoofing,Credential stuffing,B,"DNS tunneling encodes command, control, or exfiltrated data into DNS queries or responses. Long encoded labels, TXT records, and abnormal DNS volume are strong indicators.",A domain generation algorithm commonly produces many changing domain names for rendezvous. The scenario emphasizes encoded data sent repeatedly through one domain.,The unusual encoded subdomains and high DNS data volume are characteristic of tunneling information through DNS.,ARP spoofing manipulates local network address-resolution mappings and would not produce this pattern of external DNS TXT traffic.,Credential stuffing uses stolen username-and-password pairs against authentication services. It does not explain encoded DNS queries.,DNS tunneling|Command and control|DNS TXT records|Network indicators,SRC-COMPTIA-SY0701-V6|SRC-MITRE-T1071-004,CompTIA objective 2.4; MITRE ATT&CK T1071.004 DNS communications.,2026-07-19,2026-07-19,2026-07-19,approved,initial-quality-review,,Automatically approved during the accelerated build phase before the bank reaches 150 questions.
SEC701-0000038,SEC-701,CompTIA Security+,SY0-701,6.0,1,SEC701-BATCH-003,2.0,"Threats, Vulnerabilities, and Mitigations",2.5,Explain the purpose of mitigation techniques used to secure the enterprise.,Service-account least privilege,backup-service-account-minimum-permissions,medium,single_choice,scenario,,A backup application runs under a domain administrator account even though it only needs to read selected file shares and write backup files to one repository. Which mitigation most directly reduces the risk created by the account?,Keep the domain administrator account and rotate its password monthly,Encrypt all backup traffic while retaining the current privileges,Use a dedicated service account with only the required share and repository permissions and deny interactive sign-in,Add the backup account to the local administrators group on every protected server,C,A dedicated noninteractive service account with narrowly scoped permissions applies least privilege and reduces the damage possible if the account is compromised.,"Password rotation can reduce exposure time, but the account would still hold unnecessary domain-wide privileges.",Encryption protects backup traffic in transit but does not reduce the excessive authority assigned to the service account.,The dedicated account receives only the access required for backup operations and cannot be used for ordinary interactive administration.,Adding more administrative memberships increases rather than reduces the account's privileges and attack impact.,Least privilege|Service accounts|Privileged access|Account hardening,SRC-COMPTIA-SY0701-V6|SRC-NIST-SP800-53R5|SRC-NIST-SP800-207,CompTIA objective 2.5; NIST least-privilege and Zero Trust principles.,2026-07-19,2026-07-19,2026-07-19,approved,initial-quality-review,,Automatically approved during the accelerated build phase before the bank reaches 150 questions.
SEC701-0000039,SEC-701,CompTIA Security+,SY0-701,6.0,1,SEC701-BATCH-003,3.0,Security Architecture,3.1,Compare and contrast security implications of different architecture models.,Serverless shared responsibility,serverless-customer-code-iam-secrets,medium,single_choice,comparison,,A company deploys an application using a cloud function-as-a-service platform. Which security responsibility most commonly remains with the customer rather than the cloud provider?,Physical protection of the provider's data center,Patching the provider's hypervisor,Maintaining the underlying host operating system,"Securing the function code, permissions, data, and application secrets",D,"In a serverless model, the provider manages the underlying physical and platform infrastructure, while the customer remains responsible for application code, identities, permissions, data, and secrets.",Physical facility protection is normally part of the cloud provider's infrastructure responsibility.,The provider operates and patches the hypervisor or comparable isolation layer.,The provider maintains the host operating system that runs the managed function platform.,"Customers control their code, access permissions, data handling, and secrets and must secure those elements.",Serverless security|Shared responsibility|Function as a service|Cloud IAM|Secrets management,SRC-COMPTIA-SY0701-V6|SRC-NIST-SP800-53R5,CompTIA objective 3.1; cloud shared-responsibility and access-control principles.,2026-07-19,2026-07-19,2026-07-19,approved,initial-quality-review,,Automatically approved during the accelerated build phase before the bank reaches 150 questions.
SEC701-0000040,SEC-701,CompTIA Security+,SY0-701,6.0,1,SEC701-BATCH-003,3.0,Security Architecture,3.2,"Given a scenario, apply security principles to secure enterprise infrastructure.",Out-of-band management,dedicated-out-of-band-device-management,easy,single_choice,scenario,,Administrators need a way to manage routers and switches even when the production network is unavailable or suspected of compromise. The management traffic must remain isolated from ordinary user traffic. Which design best meets the requirement?,Place management interfaces on the employee workstation VLAN,Use a dedicated out-of-band management network,Expose each management interface to the Internet over HTTPS,Rely on network address translation on the production subnet,B,A dedicated out-of-band management network separates administrative access from the production data path and can remain available when the production network is disrupted.,The employee VLAN mixes privileged management traffic with ordinary endpoints and increases exposure.,An out-of-band network provides an isolated administrative path independent of normal production traffic.,Direct Internet exposure unnecessarily increases the attack surface of critical management interfaces.,NAT changes addressing but does not create an independent or isolated management path.,Out-of-band management|Management networks|Network segmentation|Infrastructure security,SRC-COMPTIA-SY0701-V6|SRC-NIST-SP800-53R5,CompTIA objective 3.2; NIST boundary protection and privileged-access concepts.,2026-07-19,2026-07-19,2026-07-19,approved,initial-quality-review,,Automatically approved during the accelerated build phase before the bank reaches 150 questions.
SEC701-0000041,SEC-701,CompTIA Security+,SY0-701,6.0,1,SEC701-BATCH-003,3.0,Security Architecture,3.3,Compare and contrast concepts and strategies to protect data.,Data sovereignty,foreign-backup-jurisdiction-data-sovereignty,hard,single_choice,comparison,,A cloud provider stores a company's primary customer database in Country X but replicates backups to infrastructure physically located in Country Y. Which concept specifically explains why Country Y's laws may govern access to the replicated backup?,Data residency,Data remanence,Data sovereignty,Data classification,C,Data sovereignty concerns the legal jurisdiction and laws that apply to data based on where it is stored or processed. The backup's location may subject it to Country Y's legal authority.,Data residency concerns the geographic location in which data must be stored. The question asks specifically why the destination country's laws may apply.,Data remanence is residual data that remains after deletion or sanitization attempts.,Data sovereignty addresses the legal and regulatory authority that a jurisdiction may exercise over data located there.,Data classification assigns sensitivity or handling categories. It does not determine which country's laws govern the data.,Data sovereignty|Data residency|Geolocation|Cloud data protection|Jurisdiction,SRC-COMPTIA-SY0701-V6|SRC-NIST-PRIVACY-FRAMEWORK,CompTIA objective 3.3; privacy-risk and jurisdictional data-handling concepts.,2026-07-19,2026-07-19,2026-07-19,approved,initial-quality-review,,Automatically approved during the accelerated build phase before the bank reaches 150 questions.
SEC701-0000042,SEC-701,CompTIA Security+,SY0-701,6.0,1,SEC701-BATCH-003,3.0,Security Architecture,3.4,Explain the importance of resilience and recovery in security architecture.,Differential backups,restore-full-plus-latest-differential,medium,single_choice,scenario,,A server receives a full backup every Sunday and a differential backup at the end of each weekday. The server fails Friday morning before Friday's backup. Which backup set is sufficient to restore the server through the end of Thursday?,The Sunday full backup and the Thursday differential backup,"The Monday, Tuesday, Wednesday, and Thursday differential backups",The Thursday differential backup by itself,The Sunday full backup and every differential backup from Monday through Thursday,A,A differential backup contains all changes since the most recent full backup. Restoring the Sunday full backup followed by the latest Thursday differential restores the system through Thursday.,"The full backup establishes the baseline, and the latest differential contains every change since that full backup.",Differential backups are not chained together. Earlier differentials are unnecessary when the latest one is available.,A differential backup contains changes rather than a complete restorable system and therefore needs the preceding full backup.,Only the most recent differential is needed after the full backup; applying all earlier differentials adds unnecessary steps.,Full backups|Differential backups|Backup restoration|Disaster recovery,SRC-COMPTIA-SY0701-V6|SRC-NIST-SP800-34R1,CompTIA objective 3.4; NIST contingency and backup recovery guidance.,2026-07-19,2026-07-19,2026-07-19,approved,initial-quality-review,,Automatically approved during the accelerated build phase before the bank reaches 150 questions.
SEC701-0000043,SEC-701,CompTIA Security+,SY0-701,6.0,1,SEC701-BATCH-003,4.0,Security Operations,4.1,"Given a scenario, apply common security techniques to computing resources.",Enterprise wireless authentication,wpa3-enterprise-radius-per-user-access,medium,single_choice,scenario,,"An organization wants corporate Wi-Fi to authenticate each employee individually, use the central identity directory, and revoke one employee's access without changing a password shared by everyone. Which wireless configuration best meets the requirement?",WEP with a rotating shared key,WPA3-Personal using one strong passphrase,WPA3-Enterprise using 802.1X and a RADIUS server,An open network with a captive portal,C,WPA3-Enterprise with 802.1X and RADIUS supports individual authentication against a central identity service and allows access to be revoked per user.,"WEP is obsolete and insecure, and a shared key does not provide individual identity-based access.",WPA3-Personal improves shared-passphrase security but still relies on a common credential rather than per-user authentication.,Enterprise mode uses 802.1X and an authentication server to provide individual credentials and centralized access control.,A captive portal on an open wireless network does not provide the same link-layer protection or enterprise authentication.,WPA3-Enterprise|802.1X|RADIUS|Wireless authentication|Per-user access,SRC-COMPTIA-SY0701-V6|SRC-NIST-SP800-153,CompTIA objective 4.1; NIST WLAN configuration and authentication guidance.,2026-07-19,2026-07-19,2026-07-19,approved,initial-quality-review,,Automatically approved during the accelerated build phase before the bank reaches 150 questions.
SEC701-0000044,SEC-701,CompTIA Security+,SY0-701,6.0,1,SEC701-BATCH-003,4.0,Security Operations,4.3,Explain various activities associated with vulnerability management.,Risk-based vulnerability prioritization,prioritize-active-exploitation-exposed-critical-asset,hard,single_choice,scenario,,A vulnerability team has limited time for emergency remediation. Which finding should be addressed first based on organizational risk?,An actively exploited flaw on an Internet-facing payroll application that stores employee tax data,A higher-CVSS flaw on an isolated laboratory appliance with no production route or known exploitation,An unsupported package on a kiosk already scheduled for secure retirement the next business day,A low-severity information disclosure on an authenticated internal status page,A,"Active exploitation, Internet exposure, sensitive payroll data, and business importance combine to make the payroll application the highest immediate organizational risk.","The finding has a credible active threat, direct exposure, sensitive data, and a critical business function, all of which increase remediation priority.","The numerical severity is high, but isolation, lack of a production path, and no known exploitation reduce immediate organizational risk.","The unsupported component is a concern, but imminent secure retirement substantially limits the remaining exposure window.","The issue should be tracked, but its low severity, authentication boundary, and limited effect make it less urgent than active exploitation of payroll.",Vulnerability prioritization|Asset criticality|Exploitability|Exposure|Risk-based remediation,SRC-COMPTIA-SY0701-V6|SRC-NIST-SP800-40R4|SRC-NIST-SP800-137,CompTIA objective 4.3; NIST patch prioritization and continuous-monitoring guidance.,2026-07-19,2026-07-19,2026-07-19,approved,initial-quality-review,,Automatically approved during the accelerated build phase before the bank reaches 150 questions.
SEC701-0000045,SEC-701,CompTIA Security+,SY0-701,6.0,2,SEC701-BATCH-003,4.0,Security Operations,4.4,Explain security alerting and monitoring concepts and tools.,Log time synchronization,authenticated-ntp-utc-log-correlation,easy,single_choice,scenario,,"During an investigation, firewall events appear several minutes before the related server events because device clocks have drifted and some systems record local time zones. Which improvement most directly supports reliable event correlation?",Increase retention so more historical events remain available for comparison,Hash archived logs to show that stored records were not modified,Forward logs more frequently to reduce collection delay at the SIEM,Synchronize device clocks and normalize timestamps to one time standard,D,Synchronized clocks and a common timestamp standard allow events from different systems to be placed in the correct sequence.,Longer retention preserves history but does not correct inaccurate or inconsistent timestamps.,Hashing supports integrity verification but does not align event times across systems.,Faster forwarding reduces collection delay but does not correct source-clock drift or time-zone differences.,Clock synchronization and timestamp normalization directly address the correlation problem.,NTP|Time synchronization|UTC normalization|Log correlation|SIEM,SRC-COMPTIA-SY0701-V6|SRC-NIST-SP800-92|SRC-NIST-SP800-53R5,CompTIA objective 4.4; NIST log-management and time-synchronization controls.,2026-07-19,2026-07-27,2026-07-27,approved,terminology-and-answer-balance-audit,,Automatically approved during the accelerated build phase before the bank reaches 150 questions. Revised during the Security+ terminology and answer-choice length audit.
SEC701-0000046,SEC-701,CompTIA Security+,SY0-701,6.0,1,SEC701-BATCH-003,4.0,Security Operations,4.5,"Given a scenario, modify enterprise capabilities to enhance security.",Outbound data loss prevention,dlp-block-unencrypted-ssn-email,medium,single_choice,scenario,,An organization must block employees from emailing unencrypted files containing Social Security numbers to external recipients while allowing the same data to be transferred through an approved encrypted portal. Which capability should be configured?,A DNS sinkhole for newly registered domains,A data loss prevention rule that identifies the sensitive data and enforces the approved transfer method,An intrusion prevention signature for port scanning,A network access control rule that quarantines unmanaged laptops,B,DLP can identify sensitive data patterns and enforce handling policy by blocking unapproved outbound channels while permitting an authorized encrypted workflow.,A DNS sinkhole can block resolution of malicious or prohibited domains but does not inspect files for Social Security numbers.,DLP is designed to discover sensitive content and prevent unauthorized disclosure through channels such as external email.,A port-scan signature detects reconnaissance behavior and does not enforce sensitive-data handling rules.,Network access control evaluates device or user access to a network. It does not inspect email content for regulated data.,Data loss prevention|Sensitive data detection|Email security|Approved transfer channels,SRC-COMPTIA-SY0701-V6|SRC-NIST-SP800-53R5,CompTIA objective 4.5; NIST information-flow and data-loss controls.,2026-07-19,2026-07-19,2026-07-19,approved,initial-quality-review,,Automatically approved during the accelerated build phase before the bank reaches 150 questions.
SEC701-0000047,SEC-701,CompTIA Security+,SY0-701,6.0,1,SEC701-BATCH-003,4.0,Security Operations,4.6,"Given a scenario, implement and maintain identity and access management.",SAML federation,saml-signed-xml-assertion-sso,easy,single_choice,direct,,Employees access a browser-based software-as-a-service application through the corporate identity provider. The service provider relies on a signed XML assertion containing the user's authentication result and attributes. Which protocol is being used?,OAuth 2.0,SAML,LDAP,RADIUS,B,"SAML uses signed XML assertions to exchange authentication and attribute information between an identity provider and a service provider, commonly for browser-based single sign-on.",OAuth 2.0 is primarily an authorization framework for delegated access to protected resources. The signed XML assertion described is characteristic of SAML.,SAML defines XML-based assertions and browser SSO flows between identity providers and service providers.,LDAP is a directory-access protocol. It is not the federated signed-assertion protocol described.,RADIUS commonly supports network access authentication and accounting rather than browser SSO using XML assertions.,SAML|Federation|Single sign-on|Identity provider|Assertions,SRC-COMPTIA-SY0701-V6|SRC-NIST-SP800-63C-4|SRC-OASIS-SAML2,CompTIA objective 4.6; current NIST federation guidance and the OASIS SAML 2.0 standard.,2026-07-19,2026-07-19,2026-07-19,approved,initial-quality-review,,Automatically approved during the accelerated build phase before the bank reaches 150 questions.
SEC701-0000048,SEC-701,CompTIA Security+,SY0-701,6.0,1,SEC701-BATCH-003,4.0,Security Operations,4.8,Explain appropriate incident response activities.,Chain of custody,evidence-transfer-chain-of-custody-record,medium,single_choice,direct,,"Which incident-response record documents who collected a device, each person who later possessed it, the dates and times of transfers, and the purpose of each transfer?",Legal hold notice,Root-cause analysis,Lessons-learned report,Chain-of-custody record,D,"A chain-of-custody record documents the collection, handling, transfer, and control of evidence so its integrity and accountability can be demonstrated.",A legal hold instructs an organization to preserve potentially relevant information. It does not record every evidence transfer.,Root-cause analysis determines why an incident occurred and what underlying conditions contributed to it.,A lessons-learned report identifies improvements after an incident. It is not the evidence possession record.,The chain of custody records each handler and transfer of evidence from collection onward.,Chain of custody|Evidence handling|Forensic integrity|Incident response documentation,SRC-COMPTIA-SY0701-V6|SRC-NIST-SP800-61R3,CompTIA objective 4.8; NIST incident-response evidence preservation and handling.,2026-07-19,2026-07-19,2026-07-19,approved,initial-quality-review,,Automatically approved during the accelerated build phase before the bank reaches 150 questions.
SEC701-0000049,SEC-701,CompTIA Security+,SY0-701,6.0,1,SEC701-BATCH-003,4.0,Security Operations,4.9,"Given a scenario, use data sources to support an investigation.",Network flow records,netflow-historical-connection-metadata,hard,single_choice,scenario,,"Investigators do not have packet payloads, but they need to identify which internal host maintained periodic outbound sessions to a suspicious IP address over the past month, including destination ports, session duration, and byte counts. Which data source is most appropriate?",NetFlow or IPFIX records,DNS resolver logs,Vulnerability scan results,File-integrity monitoring alerts,A,"NetFlow or IPFIX records summarize network conversations and commonly include source and destination addresses, ports, timestamps, duration, protocol, and byte or packet counts.",Flow records provide the historical connection metadata requested even when full packet contents were not retained.,"DNS logs can show name-resolution activity but do not reliably provide session duration, destination ports, or byte counts for the resulting connections.",Vulnerability scans report weaknesses and asset information rather than historical communication sessions.,File-integrity monitoring reports changes to monitored files and does not summarize network flows.,NetFlow|IPFIX|Network metadata|Investigation data sources|Traffic analysis,SRC-COMPTIA-SY0701-V6|SRC-NIST-SP800-92,CompTIA objective 4.9; NIST log-management and network event data concepts.,2026-07-19,2026-07-19,2026-07-19,approved,initial-quality-review,,Automatically approved during the accelerated build phase before the bank reaches 150 questions.
SEC701-0000050,SEC-701,CompTIA Security+,SY0-701,6.0,1,SEC701-BATCH-003,5.0,Security Program Management and Oversight,5.1,Summarize elements of effective security governance.,RACI accountability,raci-final-approval-accountable-role,medium,single_choice,scenario,,"A security-awareness project assigns the training manager to create and deliver the course. The chief information security officer has final decision authority and signs off on the completed program. In a RACI matrix, which designation applies to the chief information security officer?",Responsible,Consulted,Accountable,Informed,C,"The accountable role owns the outcome and has final approval authority. The training manager performs the work and is responsible, while the CISO is accountable.",Responsible identifies the person or group performing the work. The training manager creates and delivers the course.,Consulted parties provide input before decisions or work are completed but do not hold final ownership.,The person with final decision and sign-off authority is accountable for the result.,Informed parties receive status or outcome information but do not approve or perform the work.,RACI matrix|Accountability|Governance roles|Responsibility assignment,SRC-COMPTIA-SY0701-V6|SRC-NIST-CSF2,CompTIA objective 5.1; NIST governance roles and accountability concepts.,2026-07-19,2026-07-19,2026-07-19,approved,initial-quality-review,,Automatically approved during the accelerated build phase before the bank reaches 150 questions.
SEC701-0000051,SEC-701,CompTIA Security+,SY0-701,6.0,1,SEC701-BATCH-003,5.0,Security Program Management and Oversight,5.2,Explain elements of the risk management process.,Annualized risk reduction,quantitative-risk-control-annual-reduction,hard,single_choice,calculation,,"An asset is valued at $200,000. A threat event has an exposure factor of 25% and an annualized rate of occurrence of 0.10. A proposed control would reduce the annualized rate of occurrence to 0.02. What is the expected annual risk reduction before subtracting the cost of the control?","$1,000","$3,000","$5,000","$4,000",D,"The single loss expectancy is $200,000 × 0.25 = $50,000. Current ALE is $50,000 × 0.10 = $5,000, and residual ALE is $50,000 × 0.02 = $1,000. The annual risk reduction is $4,000.","$1,000 is the residual annual loss expectancy after the control, not the reduction.","$3,000 would be the net annual benefit only if the control cost were $1,000, but no control cost is part of the requested calculation.","$5,000 is the current annual loss expectancy before the proposed control.","Subtracting the residual ALE of $1,000 from the current ALE of $5,000 gives a $4,000 annual risk reduction.",Annual loss expectancy|Single loss expectancy|Exposure factor|Annualized rate of occurrence|Residual risk,SRC-COMPTIA-SY0701-V6|SRC-NIST-RISK-ALE|SRC-NIST-SP800-30R1,CompTIA objective 5.2; NIST quantitative and residual-risk assessment concepts.,2026-07-19,2026-07-19,2026-07-19,approved,initial-quality-review,,Automatically approved during the accelerated build phase before the bank reaches 150 questions.
SEC701-0000052,SEC-701,CompTIA Security+,SY0-701,6.0,1,SEC701-BATCH-003,5.0,Security Program Management and Oversight,5.3,Explain the processes associated with third-party risk assessment and management.,Right-to-audit clauses,vendor-contract-right-to-audit,easy,single_choice,direct,,Which contract provision gives an organization the ability to verify a service provider's security controls directly or through an independent assessor and obtain supporting evidence?,Non-disclosure agreement,Right-to-audit clause,Service-level objective,Memorandum of understanding,B,A right-to-audit clause establishes the customer's authority to examine or independently assess the provider's controls and obtain evidence of compliance.,An NDA restricts disclosure of confidential information but does not grant assessment or inspection rights.,The right-to-audit clause directly provides the verification authority described.,A service-level objective defines a performance target but does not necessarily permit control assessment.,An MOU records a general understanding between parties and may not create detailed audit rights.,Third-party risk|Right to audit|Vendor contracts|Independent assessments,SRC-COMPTIA-SY0701-V6|SRC-NIST-SP800-161R1,CompTIA objective 5.3; NIST supply-chain assessment and monitoring guidance.,2026-07-19,2026-07-19,2026-07-19,approved,initial-quality-review,,Automatically approved during the accelerated build phase before the bank reaches 150 questions.
SEC701-0000053,SEC-701,CompTIA Security+,SY0-701,6.0,1,SEC701-BATCH-003,5.0,Security Program Management and Oversight,5.5,Explain types and purposes of audits and assessments.,Penetration-test scope control,penetration-test-out-of-scope-partner-system,hard,single_choice,scenario,,"During an authorized external penetration test, a tester discovers that an IP address adjacent to the approved target range belongs to a business partner and is not listed in the signed authorization. What should the tester do first?",Exploit the system because it is reachable from the approved network range,Run only nonintrusive scans and report the results after the engagement,Stop testing that system and consult the rules of engagement and engagement owner before taking further action,Add the system to the scope because it may affect the organization's security,C,Penetration testing must remain within explicit authorization and scope. The tester should stop activity against the partner system and obtain direction or amended authorization before proceeding.,Network proximity does not create authorization. Exploiting an out-of-scope third-party system could cause harm and legal exposure.,Even nonintrusive scanning may be unauthorized. The tester should pause and seek direction before continuing.,Stopping and consulting the signed scope and engagement owner preserves authorization boundaries and protects the third party.,A tester cannot unilaterally expand the authorized scope. Any change must be formally approved.,Penetration testing|Rules of engagement|Authorization|Scope control|Third-party systems,SRC-COMPTIA-SY0701-V6|SRC-NIST-SP800-115,"CompTIA objective 5.5; NIST technical assessment planning, authorization, and rules of engagement.",2026-07-19,2026-07-19,2026-07-19,approved,initial-quality-review,,Automatically approved during the accelerated build phase before the bank reaches 150 questions.
SEC701-0000054,SEC-701,CompTIA Security+,SY0-701,6.0,1,SEC701-BATCH-003,5.0,Security Program Management and Oversight,5.6,"Given a scenario, implement security awareness practices.",Physical security awareness,tailgating-badge-challenge-report,medium,single_choice,scenario,,"During a security-awareness exercise, an employee notices an unfamiliar person without a visible badge following closely through a controlled door. Which response best reflects appropriate awareness practice?",Prevent the person from entering unattended and direct the person to the approved visitor check-in or security process,Allow entry if the person appears to know another employee,Photograph the person secretly but allow entry to avoid confrontation,Hold the door open and report the event at the end of the week,A,Employees should follow the organization's physical-access procedure by preventing unverified entry and directing the person to visitor validation or security personnel.,This response protects the access boundary while using the approved process for legitimate visitors.,"Appearance or apparent familiarity is not a substitute for a badge, escort, or visitor verification.","Allowing entry leaves the security boundary compromised, and secret photography may not follow policy.","Holding the door enables tailgating, and delayed reporting does not address the immediate access risk.",Tailgating|Physical access awareness|Visitor procedures|Security reporting,SRC-COMPTIA-SY0701-V6|SRC-NIST-SP800-53R5,CompTIA objective 5.6; NIST awareness and physical-access control concepts.,2026-07-19,2026-07-19,2026-07-19,approved,initial-quality-review,,Automatically approved during the accelerated build phase before the bank reaches 150 questions.
SEC701-0000055,SEC-701,CompTIA Security+,SY0-701,6.0,1,SEC701-BATCH-004,1.0,General Security Concepts,1.1,Compare and contrast various types of security controls.,Compensating controls,legacy-system-mfa-compensating-controls,medium,single_choice,scenario,,A legacy administrative application cannot support multi-factor authentication until it is replaced next quarter. Which response most appropriately uses compensating controls during the temporary gap?,Document that the application is legacy and continue using it without additional safeguards,Reclassify the application as low risk so multi-factor authentication is no longer required,"Restrict access through a hardened jump host with multi-factor authentication, limit source networks, increase monitoring, and document the temporary exception",Require users to change their single password every seven days without changing the access path,C,"Compensating controls provide comparable protection when the primary control cannot temporarily be implemented. A protected MFA-enabled access path, network restriction, monitoring, and a documented time-limited exception reduce the gap until replacement.",Documentation alone does not provide equivalent protection or reduce the authentication risk.,Changing a classification to avoid a requirement is not a valid compensating-control process and would conceal rather than manage risk.,"The combined controls reduce unauthorized access risk, provide monitoring, and preserve a documented temporary path to compliance.",Frequent password changes do not provide a second factor or an equivalent protected administrative access path.,Compensating controls|Control exceptions|Jump hosts|Multi-factor authentication|Network restrictions,SRC-COMPTIA-SY0701-V6|SRC-NIST-SP800-53B|SRC-NIST-SP800-53R5,CompTIA objective 1.1; NIST compensating-control tailoring and equivalent-protection guidance.,2026-07-20,2026-07-20,2026-07-20,approved,initial-quality-review,,Automatically approved during the accelerated build phase before the bank reaches 150 questions.
SEC701-0000056,SEC-701,CompTIA Security+,SY0-701,6.0,1,SEC701-BATCH-004,1.0,General Security Concepts,1.2,Summarize fundamental security concepts.,Deception technology,honeytoken-file-access-alert,easy,single_choice,direct,,A security team places a fake credential file in a location that legitimate users and applications are not expected to access. Opening the file immediately creates a high-priority alert. What is this item?,A honeytoken,A recovery key,A digital certificate,A password vault,A,A honeytoken is a deceptive data item that has no legitimate use. Access to it is therefore a strong indicator of unauthorized activity.,"The fake credential file is intentionally planted to detect unauthorized access, making it a honeytoken.",A recovery key restores access to encrypted data or an account. It is not planted as a deception indicator.,A digital certificate binds identity information to a public key and is not the deceptive object described.,A password vault securely stores credentials for legitimate use. The file in the scenario is deliberately fake and unused.,Deception technology|Honeytokens|Detection controls|Unauthorized access,SRC-COMPTIA-SY0701-V6|SRC-NIST-SP800-53R5,CompTIA objective 1.2; NIST decoy and deception-control concepts.,2026-07-20,2026-07-20,2026-07-20,approved,initial-quality-review,,Automatically approved during the accelerated build phase before the bank reaches 150 questions.
SEC701-0000057,SEC-701,CompTIA Security+,SY0-701,6.0,1,SEC701-BATCH-004,1.0,General Security Concepts,1.4,Explain the importance of using appropriate cryptographic solutions.,Password salting,unique-salt-password-hash-defense,medium,single_choice,comparison,,A password database stores each password using a slow password-hashing function and a different random salt for every account. What is the primary security benefit of the unique salt?,It allows administrators to decrypt forgotten passwords,It causes identical passwords to produce different stored values and reduces the usefulness of precomputed hash tables,It guarantees that weak passwords cannot be guessed,It replaces the need for a computationally expensive hash function,B,"A unique salt is combined with each password before hashing. Users with the same password therefore receive different stored values, and an attacker cannot efficiently reuse one precomputed table across accounts.",Password hashing is intended to be one-way. A salt does not make the original password decryptable.,Unique salts defeat direct equality comparisons and make precomputed rainbow tables far less reusable.,A weak password can still be guessed through an offline attack. Salting increases attacker work but does not make guessing impossible.,Salting and a slow password-hashing function serve complementary purposes; the salt does not replace the need for work-factor cost.,Password hashing|Salts|Rainbow tables|Offline password attacks,SRC-COMPTIA-SY0701-V6|SRC-NIST-SP800-63B-4,CompTIA objective 1.4; NIST password-verifier storage guidance.,2026-07-20,2026-07-20,2026-07-20,approved,initial-quality-review,,Automatically approved during the accelerated build phase before the bank reaches 150 questions.
SEC701-0000058,SEC-701,CompTIA Security+,SY0-701,6.0,1,SEC701-BATCH-004,2.0,"Threats, Vulnerabilities, and Mitigations",2.1,Compare and contrast common threat actors and motivations.,Hacktivist motivation,hacktivist-ideological-website-disruption,easy,single_choice,direct,,A loosely organized group disrupts a corporation's website and publishes a manifesto opposing the corporation's environmental policies. Which threat actor and motivation best fit the scenario?,Organized crime motivated by profit,An insider motivated by revenge,A nation-state motivated by espionage,Hacktivists motivated by ideological beliefs,D,"Hacktivists use cyber activity to promote political, social, or ideological causes. The manifesto and policy-based grievance identify ideology rather than profit, revenge, or espionage.",Organized crime typically seeks financial gain. The scenario describes a public ideological campaign.,An insider has trusted organizational access and often acts from a personal grievance. No insider relationship is stated.,Nation-state espionage pursues strategic intelligence or national objectives and usually has substantially greater organization and resources.,The cause-based disruption and public manifesto are characteristic of hacktivism.,Hacktivists|Threat motivations|Ideology|Website disruption,SRC-COMPTIA-SY0701-V6,CompTIA objective 2.1 threat-actor attributes and motivations.,2026-07-20,2026-07-20,2026-07-20,approved,initial-quality-review,,Automatically approved during the accelerated build phase before the bank reaches 150 questions.
SEC701-0000059,SEC-701,CompTIA Security+,SY0-701,6.0,1,SEC701-BATCH-004,2.0,"Threats, Vulnerabilities, and Mitigations",2.2,Explain common threat vectors and attack surfaces.,Business email compromise,bec-vendor-bank-change-out-of-band-verification,medium,single_choice,scenario,,An accounts-payable employee receives an email from a known vendor's address requesting that future invoice payments be sent to a new bank account. The wording and signature look normal. Which action should the employee take before changing the payment instructions?,Reply to the same email and ask the sender to confirm the request,Verify the request through a previously established phone number or other independent contact channel,Send a small test payment to the new account,Approve the change because the message passed the email gateway's malware scan,B,Business email compromise often uses a compromised or convincingly spoofed account to redirect payments. Independent out-of-band verification avoids relying on the possibly compromised email channel.,A reply remains within the same potentially compromised mailbox and may reach the attacker.,Using a known contact method independently confirms whether the vendor authorized the banking change.,A test payment still sends money to the attacker's account and does not verify the request.,A message can be fraudulent without containing malware. Passing a malware scan does not authenticate a payment instruction.,Business email compromise|Payment fraud|Out-of-band verification|Vendor impersonation,SRC-COMPTIA-SY0701-V6|SRC-CISA-PHISHING,CompTIA objective 2.2; CISA phishing and impersonation guidance.,2026-07-20,2026-07-20,2026-07-20,approved,initial-quality-review,,Automatically approved during the accelerated build phase before the bank reaches 150 questions.
SEC701-0000060,SEC-701,CompTIA Security+,SY0-701,6.0,1,SEC701-BATCH-004,2.0,"Threats, Vulnerabilities, and Mitigations",2.3,Explain various types of vulnerabilities.,Stored cross-site scripting,stored-xss-comment-runs-for-visitors,medium,single_choice,scenario,,A discussion forum saves user comments in a database and displays them without context-appropriate output encoding. An attacker submits a script that later executes in every visitor's browser when the thread is opened. Which vulnerability is present?,Stored cross-site scripting,Cross-site request forgery,Server-side request forgery,SQL injection,A,"The malicious script is persistently stored by the application and later delivered to other users' browsers, which is stored XSS.",Persistence in the forum database and execution when later users view the page are the defining traits of stored XSS.,CSRF tricks an authenticated browser into sending an unwanted request. The scenario executes attacker-supplied script content.,SSRF causes a server to make attacker-influenced requests to other resources. The script here runs in visitors' browsers.,SQL injection changes database queries through untrusted input. The database stores the comment normally; unsafe browser output is the flaw.,Stored XSS|Output encoding|Browser security|Untrusted content,SRC-COMPTIA-SY0701-V6|SRC-OWASP-XSS,CompTIA objective 2.3; OWASP XSS prevention and contextual encoding guidance.,2026-07-20,2026-07-20,2026-07-20,approved,initial-quality-review,,Automatically approved during the accelerated build phase before the bank reaches 150 questions.
SEC701-0000061,SEC-701,CompTIA Security+,SY0-701,6.0,1,SEC701-BATCH-004,2.0,"Threats, Vulnerabilities, and Mitigations",2.4,"Given a scenario, analyze indicators of malicious activity.",Pass-the-hash attacks,ntlm-hash-lateral-movement-without-password,hard,single_choice,scenario,,Investigators determine that an attacker extracted an administrator's NTLM password hash from one Windows host and used that value to authenticate to another host without recovering the plaintext password. Which attack occurred?,Password spraying,Pass-the-ticket,Pass-the-hash,Credential stuffing,C,"Pass-the-hash uses a stolen password hash directly as authentication material, allowing lateral movement without knowledge of the plaintext password.",Password spraying tries a small number of common plaintext passwords against many accounts.,Pass-the-ticket uses stolen or forged Kerberos tickets rather than an NTLM password hash.,"The attacker authenticates using the captured NTLM hash itself, which is pass-the-hash.",Credential stuffing reuses stolen username-and-password pairs against other services.,Pass-the-hash|NTLM|Lateral movement|Alternate authentication material,SRC-COMPTIA-SY0701-V6|SRC-MITRE-T1550-002,CompTIA objective 2.4; MITRE ATT&CK T1550.002.,2026-07-20,2026-07-20,2026-07-20,approved,initial-quality-review,,Automatically approved during the accelerated build phase before the bank reaches 150 questions.
SEC701-0000062,SEC-701,CompTIA Security+,SY0-701,6.0,1,SEC701-BATCH-004,2.0,"Threats, Vulnerabilities, and Mitigations",2.5,Explain the purpose of mitigation techniques used to secure the enterprise.,Least functionality,disable-unused-ftp-service,easy,single_choice,scenario,,A hardened web server is found to be running an FTP service that has no business purpose. Which mitigation most directly reduces the exposed attack surface?,Increase the web server's log-retention period,Encrypt the server's operating-system volume,Place a warning banner on the FTP login page,Disable and remove the unused FTP service and block its network port,D,"Least functionality removes unnecessary services, software, and ports. Disabling FTP eliminates an unneeded exposure instead of merely monitoring it.",Longer retention may assist investigations but does not remove the unnecessary listening service.,Volume encryption protects data at rest and does not reduce the network attack surface.,A banner provides notice but leaves the unused service reachable.,Removing the service and blocking the port directly implements least functionality and attack-surface reduction.,Least functionality|Service hardening|Attack surface|Unused ports,SRC-COMPTIA-SY0701-V6|SRC-NIST-SP800-53R5,CompTIA objective 2.5; NIST least-functionality controls.,2026-07-20,2026-07-20,2026-07-20,approved,initial-quality-review,,Automatically approved during the accelerated build phase before the bank reaches 150 questions.
SEC701-0000063,SEC-701,CompTIA Security+,SY0-701,6.0,1,SEC701-BATCH-004,3.0,Security Architecture,3.1,Compare and contrast security implications of different architecture models.,Infrastructure as code,versioned-iac-prevents-configuration-drift,medium,single_choice,scenario,,"Cloud servers are repeatedly configured by hand, and security settings differ between deployments. Which architectural practice most directly improves consistency and makes unauthorized configuration drift easier to identify?",Allow administrators to use personal scripts stored locally,"Define infrastructure in reviewed, version-controlled templates and deploy changes through an automated pipeline",Increase the size of each virtual server,Move all servers into one large network segment,B,"Version-controlled infrastructure-as-code templates provide a repeatable approved configuration, reviewable history, and automated deployment that reduces manual drift.",Unmanaged local scripts reduce visibility and consistency and can create additional drift.,"Reviewed templates and an automated pipeline make the desired state repeatable, auditable, and comparable with deployed resources.",More computing capacity does not standardize security configuration.,A larger shared segment weakens isolation and does not address configuration consistency.,Infrastructure as code|Configuration drift|Version control|Cloud automation,SRC-COMPTIA-SY0701-V6|SRC-NIST-SP800-128|SRC-NIST-SP800-53R5,CompTIA objective 3.1; NIST configuration-management and automation controls.,2026-07-20,2026-07-20,2026-07-20,approved,initial-quality-review,,Automatically approved during the accelerated build phase before the bank reaches 150 questions.
SEC701-0000064,SEC-701,CompTIA Security+,SY0-701,6.0,1,SEC701-BATCH-004,3.0,Security Architecture,3.2,"Given a scenario, apply security principles to secure enterprise infrastructure.",Secure remote administration,replace-telnet-with-ssh,easy,single_choice,direct,,Which protocol should replace Telnet when administrators need encrypted remote command-line access with server authentication and integrity protection?,SSH,TFTP,SNMPv1,HTTP,A,"SSH provides encrypted remote login, server authentication, and integrity protection over an untrusted network.",SSH is designed for secure remote login and administrative services.,TFTP transfers files with minimal protocol features and does not provide secure interactive administration.,SNMPv1 is used for network management and lacks modern security protections for administrative shell access.,HTTP does not by itself provide an encrypted command-line administration channel.,SSH|Telnet replacement|Secure protocols|Remote administration,SRC-COMPTIA-SY0701-V6|SRC-RFC4253,CompTIA objective 3.2; RFC 4253 SSH transport protections.,2026-07-20,2026-07-20,2026-07-20,approved,initial-quality-review,,Automatically approved during the accelerated build phase before the bank reaches 150 questions.
SEC701-0000065,SEC-701,CompTIA Security+,SY0-701,6.0,1,SEC701-BATCH-004,3.0,Security Architecture,3.3,Compare and contrast concepts and strategies to protect data.,Data states,data-being-processed-in-use,easy,single_choice,direct,,A payroll application has decrypted an employee record and is calculating tax withholding using values currently held in system memory. In which state is the employee data?,Data at rest,Data in transit,Archived data,Data in use,D,"Data actively being processed, calculated, or held in working memory by an application is data in use.","Data at rest is stored on media, such as a database, file, or backup, when it is not being transmitted or actively processed.",Data in transit is moving between systems or network endpoints.,"Archived data is retained for historical, legal, or operational purposes and is not defined by active processing.","The decrypted values are being processed in memory, so they are data in use.",Data at rest|Data in transit|Data in use|Memory protection,SRC-COMPTIA-SY0701-V6|SRC-NIST-SP800-53R5,CompTIA objective 3.3; NIST data-protection state concepts.,2026-07-20,2026-07-20,2026-07-20,approved,initial-quality-review,,Automatically approved during the accelerated build phase before the bank reaches 150 questions.
SEC701-0000066,SEC-701,CompTIA Security+,SY0-701,6.0,1,SEC701-BATCH-004,3.0,Security Architecture,3.4,Explain the importance of resilience and recovery in security architecture.,Alternate recovery sites,warm-site-requires-restore-and-configuration,medium,single_choice,scenario,,"An alternate recovery location has power, network connectivity, and compatible computing equipment. During a disaster, the organization must restore current data, install or configure some applications, and then begin operations. Which type of recovery site is described?",Cold site,Hot site,Warm site,Mobile device management site,C,A warm site has more infrastructure and equipment than a cold site but still requires data restoration and some configuration before operations resume.,A cold site generally provides basic facility support but requires substantial equipment installation and setup.,A hot site is maintained near operational readiness with current or rapidly available systems and data.,The available equipment combined with required restoration and configuration matches a warm site.,"Mobile device management is an endpoint-management capability, not an alternate processing-site category.",Hot sites|Warm sites|Cold sites|Disaster recovery facilities,SRC-COMPTIA-SY0701-V6|SRC-NIST-SP800-34R1,CompTIA objective 3.4; NIST alternate-site readiness categories.,2026-07-20,2026-07-20,2026-07-20,approved,initial-quality-review,,Automatically approved during the accelerated build phase before the bank reaches 150 questions.
SEC701-0000067,SEC-701,CompTIA Security+,SY0-701,6.0,1,SEC701-BATCH-004,4.0,Security Operations,4.1,"Given a scenario, apply common security techniques to computing resources.",Selective mobile wipe,byod-selective-enterprise-wipe,medium,single_choice,scenario,,"An employee leaves the company but owns the smartphone used for work. The organization must remove corporate email, managed applications, and business data without deleting the employee's personal photos and messages. Which action should the enterprise mobility system perform?",A selective enterprise wipe,A factory reset of the entire device,A SIM-card replacement,A carrier network block only,A,"A selective enterprise wipe removes organization-managed applications, settings, credentials, and business data while preserving personal content.",Selective wipe is designed for separation of organizational and personal data on BYOD devices.,A full factory reset would erase personal information and exceeds the stated requirement.,Replacing the SIM changes cellular identity or service but does not remove managed corporate data.,A carrier block can restrict cellular service but leaves locally stored business data and managed applications on the device.,BYOD|Selective wipe|Enterprise mobility management|Data separation,SRC-COMPTIA-SY0701-V6|SRC-NIST-SP800-124R2,CompTIA objective 4.1; NIST mobile-device management and wipe guidance.,2026-07-20,2026-07-20,2026-07-20,approved,initial-quality-review,,Automatically approved during the accelerated build phase before the bank reaches 150 questions.
SEC701-0000068,SEC-701,CompTIA Security+,SY0-701,6.0,1,SEC701-BATCH-004,4.0,Security Operations,4.2,"Explain the security implications of proper hardware, software, and data asset management.",Asset ownership and classification,unowned-cloud-server-assign-owner-classify,medium,single_choice,scenario,,"An automated discovery tool finds a cloud server that is processing customer records, but the asset inventory has no assigned owner, business purpose, or data classification. Which action should occur first to bring the asset under effective management?",Delete all server logs to reduce storage costs,Move the server to the public Internet so users can identify it,"Identify and record the responsible owner, business purpose, data classification, and lifecycle status in the asset inventory",Wait until the next annual penetration test to determine ownership,C,"Asset management requires enumeration, ownership, purpose, and classification so security, retention, monitoring, and disposal duties can be assigned and enforced.",Deleting logs removes potentially useful evidence and does not establish accountability for the asset.,Public exposure increases risk and is unrelated to assigning ownership or classification.,"Recording ownership, purpose, classification, and lifecycle data creates the accountability needed for appropriate controls.",Ownership should be resolved promptly; a later penetration test is not an asset-governance process.,Asset inventory|Asset ownership|Data classification|Cloud asset discovery,SRC-COMPTIA-SY0701-V6|SRC-NIST-SP800-53R5,CompTIA objective 4.2; NIST system-component inventory and accountability controls.,2026-07-20,2026-07-20,2026-07-20,approved,initial-quality-review,,Automatically approved during the accelerated build phase before the bank reaches 150 questions.
SEC701-0000069,SEC-701,CompTIA Security+,SY0-701,6.0,2,SEC701-BATCH-004,4.0,Security Operations,4.3,Explain various activities associated with vulnerability management.,Vulnerability exception handling,unpatchable-device-time-bound-risk-exception,hard,single_choice,scenario,,"A critical medical device has a severe vulnerability, but the manufacturer has not released a validated patch and unsupported changes would void its certification. Temporary exceptions must have a named owner, expiration date, compensating controls, and periodic review. Which response is most appropriate?",Close the finding until the manufacturer releases a validated patch,Install an untested patch and omit the normal change record,Accept the risk permanently because the device supports a critical process,Approve and track a time-limited exception while segmenting and monitoring the device,D,"A time-limited, owned exception keeps the vulnerability visible while segmentation and monitoring reduce exposure until validated remediation or replacement is available.",Lack of a patch does not remove the vulnerability or the need to track its risk.,An unvalidated patch could impair a safety-critical device and bypasses change control.,"Permanent acceptance without review ignores changing threats, vendor updates, and replacement options.",The response follows the defined exception process and applies temporary safeguards.,Vulnerability exceptions|Compensating controls|Medical devices|Risk acceptance|Exception expiration,SRC-COMPTIA-SY0701-V6|SRC-NIST-SP800-40R4|SRC-NIST-SP800-53B,CompTIA objective 4.3; NIST patch planning and compensating-control guidance.,2026-07-20,2026-07-27,2026-07-27,approved,terminology-and-answer-balance-audit,,Automatically approved during the accelerated build phase before the bank reaches 150 questions. Revised during the Security+ terminology and answer-choice length audit.
SEC701-0000070,SEC-701,CompTIA Security+,SY0-701,6.0,1,SEC701-BATCH-004,4.0,Security Operations,4.4,Explain security alerting and monitoring concepts and tools.,Behavioral baselining,per-system-egress-baseline-anomaly-alerting,hard,single_choice,scenario,,A single outbound-data threshold creates constant alerts for backup servers but fails to identify smaller unusual transfers from finance workstations. Which monitoring improvement most directly addresses both problems?,Disable outbound-data alerts for all trusted internal systems,Establish role- or system-specific baselines and alert on meaningful deviations from each normal pattern,Increase the global threshold above the largest backup transfer,Retain firewall logs for a longer period without changing detection logic,B,"Context-specific baselines distinguish expected high-volume behavior from unusual activity on lower-volume systems, reducing false positives while improving anomaly detection.","Trusted systems can still be compromised, and disabling alerts creates a broad visibility gap.",Separate baselines account for different legitimate workloads and surface deviations that a single threshold misses.,A higher global threshold would suppress backup alerts but make smaller exfiltration events even harder to detect.,Longer retention supports historical investigation but does not improve current detection accuracy.,Behavioral baselines|Anomaly detection|False positives|Data egress monitoring,SRC-COMPTIA-SY0701-V6|SRC-NIST-SP800-137,CompTIA objective 4.4; NIST continuous-monitoring and analysis guidance.,2026-07-20,2026-07-20,2026-07-20,approved,initial-quality-review,,Automatically approved during the accelerated build phase before the bank reaches 150 questions.
SEC701-0000071,SEC-701,CompTIA Security+,SY0-701,6.0,1,SEC701-BATCH-004,4.0,Security Operations,4.5,"Given a scenario, modify enterprise capabilities to enhance security.",DNS filtering,sinkhole-confirmed-command-control-domain,easy,single_choice,scenario,,Threat intelligence confirms that a domain is being used for malware command and control. Which enterprise capability can block internal clients from resolving the domain and optionally redirect requests to a controlled address for analysis?,DNS filtering with a deny or sinkhole rule,Full-disk encryption,Network load balancing,File-integrity monitoring,A,"DNS filtering can deny resolution of a malicious domain or return a controlled sinkhole address, preventing normal command-and-control access and supporting observation.",A DNS deny or sinkhole rule directly controls name resolution for the known malicious domain.,Full-disk encryption protects stored data and does not affect DNS resolution.,Load balancing distributes service traffic and is not a malicious-domain control.,File-integrity monitoring detects changes to files but does not block domain resolution.,DNS filtering|DNS sinkholes|Command and control|Threat intelligence,SRC-COMPTIA-SY0701-V6|SRC-NIST-SP800-53R5,CompTIA objective 4.5; NIST boundary and name-resolution protection controls.,2026-07-20,2026-07-20,2026-07-20,approved,initial-quality-review,,Automatically approved during the accelerated build phase before the bank reaches 150 questions.
SEC701-0000072,SEC-701,CompTIA Security+,SY0-701,6.0,1,SEC701-BATCH-004,4.0,Security Operations,4.6,"Given a scenario, implement and maintain identity and access management.",Delegated authorization,oauth-limited-cloud-photo-access,medium,single_choice,scenario,,A photo-printing application needs permission to read a user's selected cloud photos. The user should approve limited access without giving the printing application the cloud account password. Which protocol is designed for this purpose?,SAML,LDAP,RADIUS,OAuth 2.0,D,OAuth 2.0 supports delegated authorization by allowing a client to receive limited access tokens without receiving the resource owner's password.,SAML commonly carries authentication and attribute assertions for federated sign-in rather than the delegated API authorization described.,LDAP accesses directory information and is not a delegated-access framework.,RADIUS supports centralized network access authentication and accounting.,OAuth provides scoped delegated authorization through tokens while keeping the user's password with the authorization service.,OAuth 2.0|Delegated authorization|Access tokens|Scopes|Password sharing,SRC-COMPTIA-SY0701-V6|SRC-RFC6749,CompTIA objective 4.6; RFC 6749 delegated authorization model.,2026-07-20,2026-07-20,2026-07-20,approved,initial-quality-review,,Automatically approved during the accelerated build phase before the bank reaches 150 questions.
SEC701-0000073,SEC-701,CompTIA Security+,SY0-701,6.0,1,SEC701-BATCH-004,4.0,Security Operations,4.7,Explain the importance of automation and orchestration related to secure operations.,Security orchestration,coordinate-siem-iam-edr-ticketing-workflow,medium,single_choice,direct,,"A workflow receives a SIEM alert, checks threat intelligence, isolates the endpoint through EDR, disables the account in IAM, and opens an incident ticket. Which term best describes coordinating these actions across multiple security systems?",Tokenization,Data normalization,Security orchestration,Static code analysis,C,"Security orchestration coordinates a response process across multiple tools and systems. Individual steps may be automated, while orchestration manages their sequence and interaction.",Tokenization replaces sensitive data with surrogate values and is not a response-workflow capability.,Data normalization converts data into a consistent format but does not coordinate response actions across tools.,"The workflow integrates SIEM, threat intelligence, EDR, IAM, and ticketing, which is orchestration.",Static analysis examines source or compiled code without executing it.,Security orchestration|Automation|SOAR|Tool integration|Incident workflows,SRC-COMPTIA-SY0701-V6|SRC-NIST-SP800-53R5,CompTIA objective 4.7; automated response and system-integration concepts.,2026-07-20,2026-07-20,2026-07-20,approved,initial-quality-review,,Automatically approved during the accelerated build phase before the bank reaches 150 questions.
SEC701-0000074,SEC-701,CompTIA Security+,SY0-701,6.0,2,SEC701-BATCH-004,5.0,Security Program Management and Oversight,5.1,Summarize elements of effective security governance.,Policy exceptions,formal-time-bound-security-standard-exception,hard,single_choice,scenario,,A business unit cannot meet a mandatory encryption standard for 90 days because a replacement system is still being tested. Which governance response most appropriately handles the situation?,Let the manager defer compliance informally until replacement is convenient,Approve a documented 90-day exception with compensating controls and a remediation owner,Remove encryption from the enterprise standard until the replacement is ready,Record the system as compliant because replacement testing has started,B,"A documented, time-limited exception preserves the standard while assigning accountability, temporary safeguards, and a path back to compliance.","Informal permission lacks formal risk ownership, duration, and oversight.",The approved exception manages the temporary deviation without weakening the standard for other systems.,Changing the enterprise standard for one temporary case weakens governance beyond the affected system.,Work in progress does not make the current noncompliant state compliant.,Policy exceptions|Security standards|Risk ownership|Compensating controls,SRC-COMPTIA-SY0701-V6|SRC-NIST-CSF2|SRC-NIST-SP800-53B,CompTIA objective 5.1; NIST governance and compensating-control processes.,2026-07-20,2026-07-27,2026-07-27,approved,terminology-and-answer-balance-audit,,Automatically approved during the accelerated build phase before the bank reaches 150 questions. Revised during the Security+ terminology and answer-choice length audit.
SEC701-0000075,SEC-701,CompTIA Security+,SY0-701,6.0,1,SEC701-BATCH-004,5.0,Security Program Management and Oversight,5.2,Explain elements of the risk management process.,Risk tolerance,specific-maximum-outage-risk-tolerance,medium,single_choice,comparison,,Executives state that the company is generally willing to accept moderate technology risk to support rapid product delivery. They also state that the customer portal may not be unavailable for more than 30 minutes. Which statement represents risk tolerance?,The customer portal may not be unavailable for more than 30 minutes,The company is willing to accept moderate technology risk,The customer portal supports product delivery,Technology risk should be entered in the risk register,A,"Risk tolerance expresses a specific acceptable limit or degree of variation. The 30-minute maximum provides a measurable boundary, while the broader moderate-risk statement describes risk appetite.",The measurable maximum outage defines the specific level of disruption the organization is willing to tolerate.,The broad willingness to accept moderate technology risk is a risk-appetite statement.,This describes business context rather than an acceptable risk boundary.,Recording risk is part of risk management but is not itself a tolerance statement.,Risk appetite|Risk tolerance|Measurable risk limits|Enterprise risk management,SRC-COMPTIA-SY0701-V6|SRC-NIST-IR8286A-R1,CompTIA objective 5.2; NIST appetite and tolerance distinctions.,2026-07-20,2026-07-20,2026-07-20,approved,initial-quality-review,,Automatically approved during the accelerated build phase before the bank reaches 150 questions.
SEC701-0000076,SEC-701,CompTIA Security+,SY0-701,6.0,1,SEC701-BATCH-004,5.0,Security Program Management and Oversight,5.3,Explain the processes associated with third-party risk assessment and management.,Independent vendor assurance,independent-assessment-operating-effectiveness-evidence,hard,single_choice,scenario,,"A vendor has completed a self-assessment questionnaire. Before placing regulated data in the service, the customer wants stronger evidence that the vendor's security controls operated effectively throughout the previous year. Which evidence provides the strongest assurance?",The vendor's marketing brochure describing security features,A certificate of insurance showing cyber-liability coverage,An independent assessor's report evaluating the design and operating effectiveness of relevant controls over the stated period,A new copy of the vendor's self-assessment questionnaire,C,"An independent assessment of control design and operation over time provides stronger assurance than vendor assertions, marketing material, or insurance documentation.",Marketing material is created to describe or promote the service and is not independent evidence of control operation.,Insurance may transfer some financial risk but does not verify that security controls operated effectively.,Independent testing over a defined period directly addresses control design and operating effectiveness.,A second self-assessment remains a vendor assertion and does not add independent verification.,Third-party assurance|Independent assessments|Operating effectiveness|Vendor due diligence,SRC-COMPTIA-SY0701-V6|SRC-NIST-SP800-161R1,CompTIA objective 5.3; NIST supplier assessment and monitoring guidance.,2026-07-20,2026-07-20,2026-07-20,approved,initial-quality-review,,Automatically approved during the accelerated build phase before the bank reaches 150 questions.
SEC701-0000077,SEC-701,CompTIA Security+,SY0-701,6.0,1,SEC701-BATCH-004,5.0,Security Program Management and Oversight,5.4,Summarize elements of effective security compliance.,Legal holds,litigation-hold-suspends-routine-deletion,hard,single_choice,scenario,,An organization receives notice of litigation involving customer support records that are normally deleted after one year. Some relevant records are scheduled for deletion tonight. Which action is required?,Allow the deletion because the approved retention schedule already expired,Export only summary statistics and delete the source records,Ask individual employees to retain any records they personally consider important,Suspend routine deletion for potentially relevant records and preserve them according to the legal-hold process,D,A legal hold overrides normal disposition for potentially relevant information. The organization must preserve covered records until authorized release from the hold.,A valid legal hold supersedes ordinary deletion schedules for relevant records.,Summaries may omit evidence and do not preserve the original records as required.,Preservation must be centrally directed and scoped rather than left to individual judgment.,Suspending deletion and preserving relevant records follows the legal-hold requirement.,Legal holds|Compliance|Records retention|Litigation preservation,SRC-COMPTIA-SY0701-V6|SRC-NIST-SP800-61R3,CompTIA objective 5.4; NIST legal-hold and information-preservation concepts.,2026-07-20,2026-07-20,2026-07-20,approved,initial-quality-review,,Automatically approved during the accelerated build phase before the bank reaches 150 questions.
SEC701-0000078,SEC-701,CompTIA Security+,SY0-701,6.0,1,SEC701-BATCH-004,5.0,Security Program Management and Oversight,5.6,"Given a scenario, implement security awareness practices.",Role-based security training,role-based-training-by-responsibility,medium,single_choice,scenario,,"A company provides basic phishing and reporting training to everyone. It then assigns secure-coding training to developers, payment-fraud training to accounts-payable employees, and privileged-access training to system administrators. What principle is the company applying?",Training should be identical for every employee,Security training should be tailored to job responsibilities and exposure,Technical controls eliminate the need for awareness training,Only employees who previously failed simulations require training,B,"Role-based training supplements common awareness content with instruction matched to the threats, privileges, and decisions associated with each job.","All employees need common foundations, but different roles face different risks and responsibilities.","The specialized courses are aligned with each group's work and likely security decisions, which is role-based training.",Technical controls and awareness practices are complementary; neither removes the need for the other.,"Training should be proactive and role appropriate, not limited to people who have already made a mistake.",Role-based training|Security awareness|Secure coding|Payment fraud|Privileged access,SRC-COMPTIA-SY0701-V6|SRC-CISA-PHISHING|SRC-NIST-SP800-53R5,CompTIA objective 5.6; role-based awareness and training principles.,2026-07-20,2026-07-20,2026-07-20,approved,initial-quality-review,,Automatically approved during the accelerated build phase before the bank reaches 150 questions.
SEC701-0000079,SEC-701,CompTIA Security+,SY0-701,6.0,1,SEC701-BATCH-005,1.0,General Security Concepts,1.1,Compare and contrast various types of security controls.,Detective physical controls,cctv-recording-detective-physical-control,easy,single_choice,direct,,Security cameras record activity at a warehouse entrance so investigators can identify unauthorized entry attempts after they occur. How should the cameras be classified in this use?,Physical detective control,Technical preventive control,Managerial corrective control,Operational directive control,A,"The cameras are physical devices used to observe and record events for detection and investigation, making them physical detective controls.",The control is implemented through physical equipment and provides evidence that helps detect or investigate events.,A technical preventive control uses technology to stop an event before it occurs. Recording alone does not block entry.,A managerial corrective control would involve governance-level action to restore or correct conditions after an event.,"A directive control communicates required behavior through policies, signage, or instructions rather than recording activity.",Security control categories|Detective controls|Physical controls|CCTV,SRC-COMPTIA-SY0701-V6|SRC-NIST-SP800-53R5,CompTIA objective 1.1; NIST physical monitoring and control concepts.,2026-07-20,2026-07-20,2026-07-20,approved,initial-quality-review,,Automatically approved during the accelerated build phase before the bank reaches 150 questions.
SEC701-0000080,SEC-701,CompTIA Security+,SY0-701,6.0,2,SEC701-BATCH-005,1.0,General Security Concepts,1.3,Explain the importance of change management processes and the impact to security.,Emergency change management,emergency-change-retrospective-review,medium,single_choice,scenario,,A critical Internet-facing vulnerability is being actively exploited. The organization uses its authorized emergency process to deploy a tested mitigation before the next regular change board meeting. Which follow-up action is most important?,Discard the implementation records because the change was urgent,Leave the emergency change outside the configuration baseline,"Record and validate the change, obtain retrospective review, and update the baseline",Wait for the annual audit before reviewing the emergency change,C,"Emergency changes still require prompt documentation, validation, retrospective review, and baseline updates after the urgent work is complete.","Urgency does not remove the need for evidence, accountability, or configuration history.",Leaving the approved state undocumented creates configuration drift and complicates recovery.,This restores normal governance and configuration accuracy after the emergency action.,Review and validation should occur promptly rather than waiting for an unrelated annual activity.,Emergency changes|Retrospective approval|Configuration baselines|Change validation,SRC-COMPTIA-SY0701-V6|SRC-NIST-SP800-128,CompTIA objective 1.3; NIST configuration and change-control guidance.,2026-07-20,2026-07-27,2026-07-27,approved,terminology-and-answer-balance-audit,,Automatically approved during the accelerated build phase before the bank reaches 150 questions. Revised during the Security+ terminology and answer-choice length audit.
SEC701-0000081,SEC-701,CompTIA Security+,SY0-701,6.0,1,SEC701-BATCH-005,1.0,General Security Concepts,1.4,Explain the importance of using appropriate cryptographic solutions.,Hybrid encryption,encrypt-data-symmetric-key-wrap-public-key,hard,single_choice,scenario,,"A company must encrypt a large archive for an external partner. The design should provide efficient bulk encryption, and recovery of the archive key should require the partner's private key. Which approach best meets both goals?",Hash the archive and send the hash as the encrypted copy,Encrypt the complete archive directly with the partner's public key,Encrypt the archive with a password included in the same message,"Encrypt the archive with a random symmetric key, then encrypt that symmetric key with the partner's public key",D,Hybrid encryption uses efficient symmetric encryption for bulk data and public-key encryption to protect the smaller session key for the intended recipient.,Hashing provides an integrity value but does not create a recoverable encrypted copy of the archive.,Public-key operations are not generally used to encrypt large data sets directly and may have message-size limitations.,Sending the password with the encrypted archive exposes the key material through the same channel.,"The random symmetric key efficiently protects the archive, while the partner's public key protects the session key.",Hybrid encryption|Symmetric encryption|Asymmetric encryption|Session keys,SRC-COMPTIA-SY0701-V6|SRC-RFC8446,CompTIA objective 1.4; hybrid key-establishment and bulk-encryption concepts.,2026-07-20,2026-07-20,2026-07-20,approved,initial-quality-review,,Automatically approved during the accelerated build phase before the bank reaches 150 questions.
SEC701-0000082,SEC-701,CompTIA Security+,SY0-701,6.0,1,SEC701-BATCH-005,2.0,"Threats, Vulnerabilities, and Mitigations",2.1,Compare and contrast common threat actors and motivations.,Nation-state espionage,nation-state-long-term-strategic-espionage,medium,single_choice,scenario,,"An intrusion group uses custom malware, previously unknown exploits, carefully selected diplomatic targets, and long-term covert access to collect strategic intelligence. Which threat actor is most consistent with these characteristics?",Unskilled attacker seeking recognition,Nation-state actor conducting espionage,Disgruntled insider seeking revenge,Organized crime group conducting payment fraud,B,"Substantial capability, strategic targeting, advanced tooling, patience, and intelligence collection are characteristic of nation-state espionage.",Unskilled attackers generally rely on readily available tools and lack the resources suggested by custom malware and unknown exploits.,"The resources, target selection, covert persistence, and strategic collection objective align with nation-state espionage.",An insider already has trusted access and is often driven by a personal or financial motive rather than a broad diplomatic intelligence mission.,"Organized crime commonly pursues financial gain, which is not the objective described.",Nation-state actors|Espionage|Advanced capabilities|Threat motivations,SRC-COMPTIA-SY0701-V6,CompTIA objective 2.1 threat-actor capability and motivation concepts.,2026-07-20,2026-07-20,2026-07-20,approved,initial-quality-review,,Automatically approved during the accelerated build phase before the bank reaches 150 questions.
SEC701-0000083,SEC-701,CompTIA Security+,SY0-701,6.0,1,SEC701-BATCH-005,2.0,"Threats, Vulnerabilities, and Mitigations",2.2,Explain common threat vectors and attack surfaces.,Watering-hole attacks,compromised-industry-site-targeted-visitors,easy,single_choice,scenario,,Attackers compromise a professional association website frequently visited by employees of several aerospace companies. The site delivers malicious code to visitors from those companies. Which attack vector is demonstrated?,Watering-hole attack,Smishing,Removable-media attack,Credential stuffing,A,A watering-hole attack compromises a site that the intended targets are likely to visit and uses that trusted location to reach them.,The attackers selected a commonly visited industry site to infect members of the target community.,Smishing delivers phishing through text messages rather than a compromised website.,A removable-media attack relies on devices such as USB drives.,Credential stuffing attempts sign-ins using stolen credential pairs and does not require compromising a frequented website.,Watering-hole attacks|Compromised websites|Targeted delivery|Attack vectors,SRC-COMPTIA-SY0701-V6,CompTIA objective 2.2 common threat vectors and attack surfaces.,2026-07-20,2026-07-20,2026-07-20,approved,initial-quality-review,,Automatically approved during the accelerated build phase before the bank reaches 150 questions.
SEC701-0000084,SEC-701,CompTIA Security+,SY0-701,6.0,1,SEC701-BATCH-005,2.0,"Threats, Vulnerabilities, and Mitigations",2.3,Explain various types of vulnerabilities.,Server-side request forgery,ssrf-cloud-metadata-credential-access,hard,single_choice,scenario,,A web application accepts a user-supplied URL and retrieves the resource from the server side. An attacker supplies the cloud instance metadata address and obtains temporary service credentials. Which vulnerability enabled the attack?,Cross-site request forgery,Stored cross-site scripting,Directory traversal,Server-side request forgery,D,"SSRF occurs when an attacker causes a server to make unintended requests, including requests to internal services such as a cloud metadata endpoint.",CSRF causes a victim's authenticated browser to submit an unwanted request. The vulnerable server itself is making the request here.,Stored XSS persists script content that later executes in users' browsers.,Directory traversal manipulates file paths to access files outside an intended directory.,"The attacker controls a server-side request and reaches an internal metadata service, which is the defining SSRF pattern.",SSRF|Cloud metadata services|Temporary credentials|Server-side requests,SRC-COMPTIA-SY0701-V6|SRC-OWASP-SSRF,CompTIA objective 2.3; OWASP SSRF prevention and cloud-metadata guidance.,2026-07-20,2026-07-20,2026-07-20,approved,initial-quality-review,,Automatically approved during the accelerated build phase before the bank reaches 150 questions.
SEC701-0000085,SEC-701,CompTIA Security+,SY0-701,6.0,1,SEC701-BATCH-005,2.0,"Threats, Vulnerabilities, and Mitigations",2.4,"Given a scenario, analyze indicators of malicious activity.",Domain generation algorithms,many-algorithmic-domains-mostly-nxdomain,medium,single_choice,scenario,,"An infected endpoint queries hundreds of newly formed domain names each hour. Most queries return NXDOMAIN, but occasional names resolve and are followed by encrypted outbound sessions. Which malicious technique is most consistent with this pattern?",ARP poisoning,Password spraying,A domain generation algorithm,Data destruction,C,Malware using a domain generation algorithm produces many candidate domains and attempts them until one registered by the operator resolves to command and control.,ARP poisoning alters local address-resolution mappings and does not create large numbers of algorithmic DNS queries.,Password spraying attempts a small set of passwords across many accounts.,"The repeated algorithmic domains, many failed resolutions, and occasional successful command channel match DGA behavior.",Data destruction affects files or systems and does not explain the observed DNS pattern.,Domain generation algorithms|NXDOMAIN|Command and control|DNS indicators,SRC-COMPTIA-SY0701-V6|SRC-MITRE-T1568-002,CompTIA objective 2.4; MITRE ATT&CK T1568.002.,2026-07-20,2026-07-20,2026-07-20,approved,initial-quality-review,,Automatically approved during the accelerated build phase before the bank reaches 150 questions.
SEC701-0000086,SEC-701,CompTIA Security+,SY0-701,6.0,2,SEC701-BATCH-005,2.0,"Threats, Vulnerabilities, and Mitigations",2.5,Explain the purpose of mitigation techniques used to secure the enterprise.,Host-based segmentation,endpoint-firewall-restricts-lateral-movement,medium,single_choice,scenario,,"Employee workstations share several office subnets and must communicate with approved application servers, but they should not initiate file-sharing or remote-management sessions to one another. Redesigning the switching layout is not currently practical. Which mitigation most directly limits lateral movement?",Create a separate VLAN and firewall zone for every workstation,Use host firewalls to permit server traffic and block peer services,Encrypt workstation drives and removable media,Extend directory and endpoint log-retention periods,B,Managed host firewalls can enforce workstation-to-workstation restrictions without requiring an immediate redesign of the switching layout.,"Per-workstation network segmentation could limit lateral movement, but it conflicts with the stated constraint and is much more disruptive to implement.",The host policy permits required server flows while blocking the peer services used for lateral movement.,Encryption protects stored data but does not block live peer-to-peer network sessions.,Longer retention may help investigation but does not prevent workstation-to-workstation communication.,Host firewalls|Lateral movement|Microsegmentation|Least privilege networking,SRC-COMPTIA-SY0701-V6|SRC-NIST-SP800-207|SRC-NIST-SP800-53R5,CompTIA objective 2.5; NIST least-privilege communication and Zero Trust concepts.,2026-07-20,2026-07-27,2026-07-27,approved,terminology-and-answer-balance-audit,,Automatically approved during the accelerated build phase before the bank reaches 150 questions. Revised during the Security+ terminology and answer-choice length audit.
SEC701-0000087,SEC-701,CompTIA Security+,SY0-701,6.0,2,SEC701-BATCH-005,3.0,Security Architecture,3.1,Compare and contrast security implications of different architecture models.,Microservices security,microservices-more-identities-api-visibility,hard,single_choice,comparison,,"An organization replaces one large, tightly integrated application with dozens of smaller services that communicate through APIs. Which security concern becomes more significant in the new design?",The application no longer needs identity or authorization controls,Every service must use the same operating system and programming language,Securing more service identities and API connections while tracing activity across many services,Network segmentation becomes unnecessary because each service is smaller,C,"A design with many smaller services creates more service identities, API connections, and separate activity records that must be secured and monitored.",Each service and request still requires appropriate authentication and authorization.,Smaller services can use different technologies when interoperability and security requirements are met.,"The new design expands the number of identities, connections, and activity paths that require protection and visibility.",Segmentation can become more important because communication is distributed across more components.,Microservices|Service identities|API security|Distributed monitoring,SRC-COMPTIA-SY0701-V6|SRC-NIST-SP800-207|SRC-NIST-SP800-190,CompTIA objective 3.1; distributed architecture and Zero Trust implications.,2026-07-20,2026-07-27,2026-07-27,approved,terminology-and-answer-balance-audit,,Automatically approved during the accelerated build phase before the bank reaches 150 questions. Revised during the Security+ terminology and answer-choice length audit.
SEC701-0000088,SEC-701,CompTIA Security+,SY0-701,6.0,2,SEC701-BATCH-005,3.0,Security Architecture,3.2,"Given a scenario, apply security principles to secure enterprise infrastructure.",Jump servers,hardened-jump-server-management-entry,medium,single_choice,scenario,,"Administrators need remote access to management interfaces on an isolated server network. The organization wants one hardened, closely monitored entry point instead of exposing every server's management port. Which component best meets the requirement?",A hardened jump server,A transparent proxy for public web browsing,A load balancer for customer traffic,A recursive DNS resolver,A,A hardened jump server provides a controlled administrative entry point into the isolated management network.,"The jump server centralizes administrative access, hardening, authentication, and monitoring.",A web proxy mediates client browsing traffic rather than privileged server administration.,A load balancer distributes application traffic and is not an administrative access point.,A recursive resolver performs DNS lookups and does not provide managed server access.,Jump servers|Administrative access|Management networks|Hardening,SRC-COMPTIA-SY0701-V6|SRC-NIST-SP800-53R5|SRC-NIST-SP800-41R1,CompTIA objective 3.2; controlled administrative access and boundary protection.,2026-07-20,2026-07-27,2026-07-27,approved,terminology-and-answer-balance-audit,,Automatically approved during the accelerated build phase before the bank reaches 150 questions. Revised during the Security+ terminology and answer-choice length audit.
SEC701-0000089,SEC-701,CompTIA Security+,SY0-701,6.0,1,SEC701-BATCH-005,3.0,Security Architecture,3.3,Compare and contrast concepts and strategies to protect data.,Data masking,masked-production-data-nonproduction-testing,easy,single_choice,scenario,,"Developers need realistic customer records for application testing, but real names, account numbers, and contact details must not appear in the test environment. Which data-protection technique best meets this need?",Digital signing,Data masking,File compression,Key escrow,B,Data masking replaces or obscures sensitive fields while preserving useful format and structure for testing.,Digital signatures provide integrity and origin authentication but do not conceal sensitive field values.,Masking produces realistic-looking nonproduction data without exposing the original sensitive values.,Compression reduces storage size and does not provide confidentiality.,Key escrow stores recovery material for cryptographic keys rather than creating safe test records.,Data masking|Nonproduction data|Privacy|Test environments,SRC-COMPTIA-SY0701-V6|SRC-NIST-PRIVACY-FRAMEWORK,CompTIA objective 3.3; privacy-risk reduction and data-processing controls.,2026-07-20,2026-07-20,2026-07-20,approved,initial-quality-review,,Automatically approved during the accelerated build phase before the bank reaches 150 questions.
SEC701-0000090,SEC-701,CompTIA Security+,SY0-701,6.0,1,SEC701-BATCH-005,3.0,Security Architecture,3.4,Explain the importance of resilience and recovery in security architecture.,Incremental backups,restore-full-plus-incremental-chain,medium,single_choice,scenario,,"A system receives a full backup on Sunday and incremental backups at the end of Monday, Tuesday, Wednesday, and Thursday. The system fails Friday morning. Which backup set is required to restore through Thursday?",The Thursday incremental backup by itself,The Sunday full backup and the Thursday incremental backup,The Monday through Thursday incremental backups without the full backup,"The Sunday full backup followed by the Monday, Tuesday, Wednesday, and Thursday incremental backups in order",D,"Each incremental backup contains changes since the preceding backup, so recovery requires the last full backup and every subsequent incremental in sequence.",An incremental backup contains changes rather than a complete baseline.,"The Thursday incremental contains changes since Wednesday's backup, not all changes since Sunday.",The incremental chain requires the full backup that established the baseline.,Applying the complete ordered chain reconstructs the system through Thursday.,Incremental backups|Full backups|Restore chains|Disaster recovery,SRC-COMPTIA-SY0701-V6|SRC-NIST-SP800-34R1,CompTIA objective 3.4; NIST backup and recovery guidance.,2026-07-20,2026-07-20,2026-07-20,approved,initial-quality-review,,Automatically approved during the accelerated build phase before the bank reaches 150 questions.
SEC701-0000091,SEC-701,CompTIA Security+,SY0-701,6.0,1,SEC701-BATCH-005,4.0,Security Operations,4.1,"Given a scenario, apply common security techniques to computing resources.",Secure boot,secure-boot-verifies-signed-boot-components,medium,single_choice,direct,,Which platform feature verifies approved digital signatures on firmware and boot components before allowing them to execute during startup?,Disk defragmentation,Application sandboxing,Secure Boot,Port address translation,C,Secure Boot establishes a startup trust chain by verifying signatures on boot components before execution.,Defragmentation reorganizes stored data and does not validate startup code.,Sandboxing restricts an application's runtime environment after startup.,Secure Boot checks signed boot components and blocks components that do not satisfy the configured trust policy.,Port address translation changes network addressing and has no role in boot integrity.,Secure Boot|Firmware security|Boot integrity|Digital signatures,SRC-COMPTIA-SY0701-V6|SRC-NIST-SP800-193,CompTIA objective 4.1; NIST platform firmware resiliency guidance.,2026-07-20,2026-07-20,2026-07-20,approved,initial-quality-review,,Automatically approved during the accelerated build phase before the bank reaches 150 questions.
SEC701-0000092,SEC-701,CompTIA Security+,SY0-701,6.0,2,SEC701-BATCH-005,4.0,Security Operations,4.2,"Explain the security implications of proper hardware, software, and data asset management.",End-of-life assets,replace-isolate-unsupported-eol-server,easy,single_choice,scenario,,"A business-critical server has reached end of life, and the vendor no longer provides security updates. What is the preferred long-term asset-management action?","Replace or migrate the server, using isolation and temporary controls during the transition",Keep the server in service while documenting that vendor support has ended,Remove the server from inventory so lifecycle reports no longer identify it,Expose the server directly to simplify remote maintenance and administration,A,"Replacement or migration is the sustainable response to unsupported technology, while temporary controls reduce exposure during the transition.",The response addresses lifecycle risk and limits exposure until the unsupported asset is retired.,Documentation alone does not address future vulnerabilities that cannot be patched.,Removing the record conceals rather than reduces risk and weakens accountability.,Direct exposure increases the attack surface of a system that no longer receives security updates.,End of life|Asset lifecycle|Unsupported systems|Replacement planning,SRC-COMPTIA-SY0701-V6|SRC-NIST-SP800-40R4|SRC-NIST-SP800-53R5,CompTIA objective 4.2; NIST patch and asset lifecycle principles.,2026-07-20,2026-07-27,2026-07-27,approved,terminology-and-answer-balance-audit,,Automatically approved during the accelerated build phase before the bank reaches 150 questions. Revised during the Security+ terminology and answer-choice length audit.
SEC701-0000093,SEC-701,CompTIA Security+,SY0-701,6.0,1,SEC701-BATCH-005,4.0,Security Operations,4.3,Explain various activities associated with vulnerability management.,Credentialed vulnerability scanning,credentialed-scan-local-patch-configuration-visibility,hard,single_choice,comparison,,"A vulnerability team wants more reliable information about missing patches, installed software, and insecure local configurations on internal servers. Which scanning approach provides the greatest direct visibility into these conditions?",An unauthenticated Internet scan of public ports,A passive review of DNS query logs,A social-engineering assessment of system owners,A credentialed vulnerability scan using authorized local access,D,"Credentialed scans can inspect local package, patch, registry, and configuration information instead of inferring conditions solely from network responses.",An external unauthenticated scan is useful for exposed services but has limited visibility into internal patch and configuration state.,DNS logs show name-resolution activity rather than installed software or local configuration.,Interviews may provide context but are not a technical inventory of patch and configuration state.,Authorized local access lets the scanner directly inspect the server's software and security configuration.,Credentialed scans|Vulnerability scanning|Patch visibility|Configuration assessment,SRC-COMPTIA-SY0701-V6|SRC-NIST-SP800-115,CompTIA objective 4.3; NIST technical testing and assessment guidance.,2026-07-20,2026-07-20,2026-07-20,approved,initial-quality-review,,Automatically approved during the accelerated build phase before the bank reaches 150 questions.
SEC701-0000094,SEC-701,CompTIA Security+,SY0-701,6.0,1,SEC701-BATCH-005,4.0,Security Operations,4.5,"Given a scenario, modify enterprise capabilities to enhance security.",Web application firewalls,waf-inspects-http-application-attacks,medium,single_choice,scenario,,"An Internet-facing web application must receive HTTPS traffic, but the organization wants a control that can inspect web requests and block patterns associated with application-layer attacks. Which capability is most appropriate?",A network load balancer without security inspection,A web application firewall,Full-disk encryption on the web server,A wireless intrusion-detection sensor,B,A WAF understands HTTP and HTTPS application traffic and can apply rules to block malicious request patterns before they reach the application.,A basic load balancer distributes traffic but does not necessarily inspect application requests for attacks.,A WAF is designed to inspect and filter web application traffic at the application layer.,Disk encryption protects stored data and does not filter inbound HTTP requests.,A wireless sensor monitors radio-network activity rather than Internet web requests.,Web application firewalls|HTTP inspection|Application-layer attacks|Reverse proxies,SRC-COMPTIA-SY0701-V6|SRC-NIST-SP800-41R1,CompTIA objective 4.5; application-aware firewall and proxy concepts.,2026-07-20,2026-07-20,2026-07-20,approved,initial-quality-review,,Automatically approved during the accelerated build phase before the bank reaches 150 questions.
SEC701-0000095,SEC-701,CompTIA Security+,SY0-701,6.0,2,SEC701-BATCH-005,4.0,Security Operations,4.7,Explain the importance of automation and orchestration related to secure operations.,Repeat-safe automation,repeat-safe-automation-state-check-stable-id,hard,single_choice,scenario,,A response playbook may run again after a timeout. Previous retries created duplicate tickets and repeated account changes. Which design change would best prevent duplicate actions?,Check current state and reuse the same incident identifier before creating or changing resources,Increase execution speed while leaving the retry behavior unchanged,Remove logging so each retry uses fewer resources,Run every response step concurrently even when later steps depend on earlier results,A,Checking existing state and using a stable incident identifier makes retries safe because the playbook can recognize work that has already been completed. This repeat-safe behavior is often called idempotency.,The playbook can avoid recreating tickets or repeating changes that already match the intended state.,Faster execution does not stop a retry from performing the same action again.,Removing logs weakens troubleshooting and does not prevent duplicate actions.,Uncontrolled concurrency can create additional conflicts and repeated changes.,Automation retries|State checks|Stable identifiers|Duplicate actions,SRC-COMPTIA-SY0701-V6|SRC-NIST-SP800-53R5,CompTIA objective 4.7; reliable automated response and state-validation concepts.,2026-07-20,2026-07-27,2026-07-27,approved,terminology-and-answer-balance-audit,,Automatically approved during the accelerated build phase before the bank reaches 150 questions. Revised during the Security+ terminology and answer-choice length audit.
SEC701-0000096,SEC-701,CompTIA Security+,SY0-701,6.0,2,SEC701-BATCH-005,4.0,Security Operations,4.8,Explain appropriate incident response activities.,Incident eradication,eradication-remove-malware-persistence-after-containment,medium,single_choice,scenario,,"An infected endpoint has been isolated from the network, and volatile evidence has been collected. Which action belongs primarily to the eradication phase?",Maintain network isolation to limit further spread,Classify the incident and notify required stakeholders,"Remove malware and persistence, then fix the exploited weakness",Restore the system and monitor it after return to service,C,Eradication removes malicious code and persistence and addresses the weakness used to compromise the system before recovery begins.,Isolation is primarily a containment action.,"Classification and notification are detection, analysis, and coordination activities.",Removing the threat and fixing the exploited weakness are core eradication tasks.,Restoration and post-restoration monitoring are recovery activities.,Incident eradication|Containment|Recovery|Persistence removal|Root cause,SRC-COMPTIA-SY0701-V6|SRC-NIST-SP800-61R3,CompTIA objective 4.8; NIST incident-response lifecycle activities.,2026-07-20,2026-07-27,2026-07-27,approved,terminology-and-answer-balance-audit,,Automatically approved during the accelerated build phase before the bank reaches 150 questions. Revised during the Security+ terminology and answer-choice length audit.
SEC701-0000097,SEC-701,CompTIA Security+,SY0-701,6.0,1,SEC701-BATCH-005,4.0,Security Operations,4.9,"Given a scenario, use data sources to support an investigation.",Endpoint process trees,edr-process-tree-parent-child-execution,medium,single_choice,scenario,,An analyst needs to determine whether a document viewer launched a command shell that then started a scripting engine and downloaded a payload. Which data source most directly shows this parent-child execution sequence?,A DHCP lease table,An EDR process tree,A certificate revocation list,A vulnerability scan summary,B,"An EDR process tree records process creation relationships and command-line context, making the execution chain visible.",DHCP data maps devices to leased network addresses and does not show process execution.,"The process tree directly represents parent-child relationships among the viewer, shell, scripting engine, and downloader.",A certificate revocation list identifies revoked certificates.,A vulnerability report identifies weaknesses but does not reconstruct a runtime process chain.,EDR telemetry|Process trees|Parent-child processes|Endpoint investigations,SRC-COMPTIA-SY0701-V6|SRC-NIST-SP800-92,CompTIA objective 4.9; endpoint event and investigation data-source concepts.,2026-07-20,2026-07-20,2026-07-20,approved,initial-quality-review,,Automatically approved during the accelerated build phase before the bank reaches 150 questions.
SEC701-0000098,SEC-701,CompTIA Security+,SY0-701,6.0,1,SEC701-BATCH-005,5.0,Security Program Management and Oversight,5.1,Summarize elements of effective security governance.,Due diligence,ongoing-review-control-effectiveness-due-diligence,medium,single_choice,comparison,,"An organization has selected and implemented reasonable security controls. It then performs recurring reviews, tracks findings, and verifies that the controls continue to operate effectively. Which governance concept is most directly demonstrated by the ongoing activity?",Risk transference,Data minimization,Non-repudiation,Due diligence,D,"Due diligence is the continuing effort to monitor, assess, and maintain reasonable protections after they have been selected and implemented.","Risk transference shifts specified financial or operational consequences to another party, such as through insurance or a contract.",Data minimization limits collection and processing of personal data.,Non-repudiation provides evidence that an action can be attributed to a party.,Recurring assessment and correction demonstrate ongoing diligence in maintaining the control environment.,Due care|Due diligence|Governance oversight|Control effectiveness,SRC-COMPTIA-SY0701-V6|SRC-NIST-CSF2,CompTIA objective 5.1; governance oversight and continuous improvement concepts.,2026-07-20,2026-07-20,2026-07-20,approved,initial-quality-review,,Automatically approved during the accelerated build phase before the bank reaches 150 questions.
SEC701-0000099,SEC-701,CompTIA Security+,SY0-701,6.0,1,SEC701-BATCH-005,5.0,Security Program Management and Oversight,5.2,Explain elements of the risk management process.,Residual risk,remaining-risk-after-control-residual,easy,single_choice,direct,,A company applies a security control that reduces the likelihood of a phishing-related account compromise but does not eliminate the possibility. What is the remaining risk called?,Residual risk,Inherent risk,Transferred risk,Risk appetite,A,Residual risk is the risk that remains after controls or other treatments have been applied.,The scenario asks about the remaining exposure after a control reduces risk.,Inherent risk is the level of risk before considering controls.,Transferred risk refers to consequences assigned to another party through mechanisms such as contracts or insurance.,Risk appetite is the broad amount and type of risk an organization is willing to pursue or retain.,Residual risk|Inherent risk|Risk treatment|Risk management,SRC-COMPTIA-SY0701-V6|SRC-NIST-SP800-30R1|SRC-NIST-IR8286A-R1,CompTIA objective 5.2; NIST residual-risk concepts.,2026-07-20,2026-07-20,2026-07-20,approved,initial-quality-review,,Automatically approved during the accelerated build phase before the bank reaches 150 questions.
SEC701-0000100,SEC-701,CompTIA Security+,SY0-701,6.0,1,SEC701-BATCH-005,5.0,Security Program Management and Oversight,5.3,Explain the processes associated with third-party risk assessment and management.,Vendor offboarding,vendor-termination-data-return-destruction-access-removal,hard,single_choice,scenario,,"A cloud service contract is ending, and the provider has stored regulated customer data and maintained administrative access to the customer's environment. Which offboarding activity most completely reduces the remaining third-party risk?",Stop paying invoices and allow the provider to retain access during disputes,Delete the vendor contact from the procurement system,"Revoke vendor access, recover customer data in an agreed format, verify contractual retention or destruction, and obtain evidence of completion",Archive the original sales presentation for future reference,C,"Third-party offboarding must address access, data portability, retention, destruction obligations, and evidence that contractual exit requirements were met.",Continued access after termination creates unnecessary exposure and does not resolve data-handling obligations.,Removing a contact record is administrative housekeeping and does not address technical access or stored data.,"This action closes access paths, preserves required customer data, and verifies disposition of remaining provider copies.",A sales presentation does not demonstrate secure termination or data disposition.,Vendor offboarding|Data return|Data destruction|Access revocation|Contract termination,SRC-COMPTIA-SY0701-V6|SRC-NIST-SP800-161R1,CompTIA objective 5.3; NIST supplier lifecycle and termination guidance.,2026-07-20,2026-07-20,2026-07-20,approved,initial-quality-review,,Automatically approved during the accelerated build phase before the bank reaches 150 questions.
SEC701-0000101,SEC-701,CompTIA Security+,SY0-701,6.0,1,SEC701-BATCH-005,5.0,Security Program Management and Oversight,5.4,Summarize elements of effective security compliance.,Data controller and processor roles,retailer-controller-cloud-processor-roles,easy,single_choice,scenario,,A retailer decides why customer purchase data is collected and how it will be used. A cloud provider stores and processes the data according to the retailer's written instructions. Which role assignment is most accurate?,"The cloud provider is the controller, and the retailer is the processor","The retailer is the controller, and the cloud provider is the processor",Both parties are data subjects,"The retailer is a regulator, and the cloud provider is an auditor",B,"The controller determines the purposes and means of processing, while the processor handles data on the controller's behalf and instructions.",The cloud provider follows the retailer's instructions rather than determining the processing purpose.,"The retailer determines why and how the data is used, and the provider performs processing on its behalf.",Data subjects are the individuals whose personal data is processed.,Neither role follows from the described commercial processing relationship.,Data controller|Data processor|Privacy roles|Third-party processing,SRC-COMPTIA-SY0701-V6|SRC-NIST-PRIVACY-FRAMEWORK,CompTIA objective 5.4; privacy governance and processing-role concepts.,2026-07-20,2026-07-20,2026-07-20,approved,initial-quality-review,,Automatically approved during the accelerated build phase before the bank reaches 150 questions.
SEC701-0000102,SEC-701,CompTIA Security+,SY0-701,6.0,1,SEC701-BATCH-005,5.0,Security Program Management and Oversight,5.5,Explain types and purposes of audits and assessments.,Internal audits,internal-audit-objective-control-evaluation,medium,single_choice,direct,,What is a primary purpose of an internal security audit performed by an organization's audit function?,To exploit systems as deeply as possible without documented authorization,To guarantee that an external regulator will find no deficiencies,To replace management's responsibility for security controls,"To objectively evaluate control design and operation, identify gaps, and report findings to appropriate governance stakeholders",D,"An internal audit provides an objective assessment of governance, risk, and control effectiveness and communicates findings for oversight and remediation.",Unauthorized exploitation is not an audit objective and may create legal and operational harm.,An internal audit can improve readiness but cannot guarantee another assessor's conclusion.,"Management retains responsibility for designing, operating, and remediating controls.",Objective control evaluation and reporting are central purposes of an internal audit.,Internal audits|Control effectiveness|Audit independence|Governance reporting,SRC-COMPTIA-SY0701-V6|SRC-NIST-CSF2|SRC-NIST-SP800-115,"CompTIA objective 5.5; assessment, governance, and reporting concepts.",2026-07-20,2026-07-20,2026-07-20,approved,initial-quality-review,,Automatically approved during the accelerated build phase before the bank reaches 150 questions.
SEC701-0000103,SEC-701,CompTIA Security+,SY0-701,6.0,1,SEC701-BATCH-006,1.0,General Security Concepts,1.1,Compare and contrast various types of security controls.,Managerial directive controls,acceptable-use-policy-managerial-directive,easy,single_choice,direct,,An organization publishes an acceptable-use policy that states how employees are expected to use company systems and what activities are prohibited. How should this control be classified?,Managerial directive control,Technical detective control,Physical preventive control,Operational corrective control,A,"The policy is established through governance and directs expected behavior, making it a managerial directive control.",The document communicates management requirements and directs user behavior.,"A technical detective control uses technology to identify or report events, such as a monitoring alert.",A physical preventive control uses a tangible barrier or device to stop an event before it occurs.,An operational corrective control consists of people-driven actions that restore or repair conditions after an event.,Managerial controls|Directive controls|Acceptable-use policies|Governance,SRC-COMPTIA-SY0701-V6|SRC-NIST-SP800-53R5,CompTIA objective 1.1; NIST policy and awareness control concepts.,2026-07-20,2026-07-20,2026-07-20,approved,initial-quality-review,,Automatically approved during the accelerated build phase before the bank reaches 150 questions.
SEC701-0000104,SEC-701,CompTIA Security+,SY0-701,6.0,1,SEC701-BATCH-006,1.0,General Security Concepts,1.2,Summarize fundamental security concepts.,Data integrity,published-hash-mismatch-detects-alteration,medium,single_choice,scenario,,"A software publisher posts a SHA-256 value for an installation package. After downloading the package, an administrator calculates a different value. Which security property is most directly in question?",Availability,Integrity,Confidentiality,Authorization,B,"A hash mismatch indicates that the downloaded content differs from the publisher's expected content, raising an integrity concern.",Availability concerns whether a resource is accessible when needed.,Integrity concerns unauthorized or unexpected modification of information.,Confidentiality concerns preventing unauthorized disclosure of information.,Authorization determines whether an authenticated identity may perform a requested action.,CIA triad|Integrity verification|Cryptographic hashes|Software downloads,SRC-COMPTIA-SY0701-V6|SRC-NIST-SP800-53R5,CompTIA objective 1.2; NIST system and information integrity controls.,2026-07-20,2026-07-20,2026-07-20,approved,initial-quality-review,,Automatically approved during the accelerated build phase before the bank reaches 150 questions.
SEC701-0000105,SEC-701,CompTIA Security+,SY0-701,6.0,2,SEC701-BATCH-006,1.0,General Security Concepts,1.3,Explain the importance of change management processes and the impact to security.,Change impact analysis,identity-certificate-rotation-dependency-impact-analysis,hard,single_choice,scenario,,"A team plans to rotate the certificate used by a central identity service. Several older applications may trust a certificate thumbprint directly, but the team does not yet know which applications use that configuration. Which change-management activity should be completed before implementation?",Schedule the change first and identify affected applications during implementation,Issue a final user notice before confirming which services depend on the certificate,Perform a dependency and impact analysis before the certificate change,Delete prior certificate versions before testing so rollback cannot use them,C,"The team must identify dependent applications and expected consequences before implementation so it can plan testing, validation, communication, and rollback.",Scheduling before understanding dependencies can create avoidable service disruption.,Communication should be based on confirmed systems and users affected by the change.,A dependency and impact analysis directly addresses the unknown certificate trust relationships.,Removing prior versions before validation could eliminate a needed rollback option.,Impact analysis|Dependencies|Certificate rotation|Change validation,SRC-COMPTIA-SY0701-V6|SRC-NIST-SP800-128,CompTIA objective 1.3; NIST security-focused change-impact analysis.,2026-07-20,2026-07-27,2026-07-27,approved,terminology-and-answer-balance-audit,,Automatically approved during the accelerated build phase before the bank reaches 150 questions. Revised during the Security+ terminology and answer-choice length audit.
SEC701-0000106,SEC-701,CompTIA Security+,SY0-701,6.0,1,SEC701-BATCH-006,2.0,"Threats, Vulnerabilities, and Mitigations",2.1,Compare and contrast common threat actors and motivations.,Organized crime motivation,organized-crime-ransomware-extortion-profit,medium,single_choice,scenario,,"A well-funded criminal group encrypts a company's servers, steals customer records, and demands payment to provide a decryption key and avoid publishing the stolen data. Which actor and motivation best fit the scenario?",Hacktivists motivated by ideology,An insider motivated by revenge,A nation-state actor motivated by espionage,Organized crime motivated by financial gain,D,"The coordinated ransomware and data-extortion operation is intended to generate payment, which aligns with organized cybercrime motivated by profit.","Hacktivists generally pursue political, social, or ideological objectives.",An insider has trusted organizational access and often acts from a personal grievance or opportunity.,Nation-state espionage primarily seeks strategic or intelligence value.,"The group uses encryption and threatened disclosure to obtain money, matching financially motivated organized crime.",Organized crime|Ransomware|Data extortion|Threat motivations,SRC-COMPTIA-SY0701-V6,CompTIA objective 2.1 threat-actor and motivation concepts.,2026-07-20,2026-07-20,2026-07-20,approved,initial-quality-review,,Automatically approved during the accelerated build phase before the bank reaches 150 questions.
SEC701-0000107,SEC-701,CompTIA Security+,SY0-701,6.0,1,SEC701-BATCH-006,2.0,"Threats, Vulnerabilities, and Mitigations",2.2,Explain common threat vectors and attack surfaces.,Voice phishing,vishing-help-desk-mfa-code,easy,single_choice,scenario,,An employee receives a phone call from someone claiming to be the help desk. The caller says an account repair requires the employee to read back a one-time authentication code. Which attack method is being used?,Vishing,Smishing,Watering-hole attack,Credential stuffing,A,Vishing is voice-based phishing. The caller uses impersonation and urgency to obtain an authentication code.,The social-engineering attempt is delivered through a voice call.,Smishing is phishing delivered through SMS or another text-messaging service.,A watering-hole attack compromises a site likely to be visited by the target.,Credential stuffing reuses stolen username-and-password pairs against other services.,Vishing|Help-desk impersonation|MFA codes|Social engineering,SRC-COMPTIA-SY0701-V6|SRC-CISA-PHISHING,CompTIA objective 2.2; CISA phishing recognition and reporting guidance.,2026-07-20,2026-07-20,2026-07-20,approved,initial-quality-review,,Automatically approved during the accelerated build phase before the bank reaches 150 questions.
SEC701-0000108,SEC-701,CompTIA Security+,SY0-701,6.0,1,SEC701-BATCH-006,2.0,"Threats, Vulnerabilities, and Mitigations",2.3,Explain various types of vulnerabilities.,Security misconfiguration,public-cloud-bucket-overly-permissive-access,medium,single_choice,scenario,,A cloud storage bucket containing internal reports is exposed to anonymous Internet users because an access policy was copied from a public website bucket and remained in place. Which vulnerability category best describes the problem?,Race condition,Security misconfiguration,Buffer overflow,Cryptographic collision,B,"The data exposure results from an improperly configured access policy, which is a security misconfiguration.",A race condition depends on timing between operations or state changes.,"The bucket's permissions were configured more broadly than intended, creating the exposure.",A buffer overflow writes beyond an allocated memory boundary.,A cryptographic collision occurs when different inputs produce the same hash output.,Security misconfiguration|Cloud storage|Public access|Access policies,SRC-COMPTIA-SY0701-V6|SRC-NIST-SP800-53R5,CompTIA objective 2.3; NIST configuration and access-control concepts.,2026-07-20,2026-07-20,2026-07-20,approved,initial-quality-review,,Automatically approved during the accelerated build phase before the bank reaches 150 questions.
SEC701-0000109,SEC-701,CompTIA Security+,SY0-701,6.0,1,SEC701-BATCH-006,2.0,"Threats, Vulnerabilities, and Mitigations",2.4,"Given a scenario, analyze indicators of malicious activity.",Credential stuffing indicators,breached-credential-pairs-low-volume-login-success,medium,single_choice,scenario,,"An online service observes sign-in attempts against many unrelated accounts. Each account receives only one or two attempts, and several successful logins use username-and-password pairs found in a breach of another company. Which attack is most consistent with the activity?",Password spraying,Online brute-force attack,Credential stuffing,Pass-the-hash,C,"Credential stuffing reuses credential pairs stolen from another service, often with low attempt volume per account to reduce detection and lockouts.",Password spraying tests one or a few common passwords across many accounts rather than using account-specific breached pairs.,Brute force repeatedly guesses many passwords for an account or small set of accounts.,The observed pairs came from an unrelated breach and are being reused against the current service.,Pass-the-hash uses a captured password hash directly as authentication material.,Credential stuffing|Breached credentials|Login indicators|Password attacks,SRC-COMPTIA-SY0701-V6|SRC-CISA-BRUTE-FORCE,CompTIA objective 2.4; CISA guidance on credential attacks.,2026-07-20,2026-07-20,2026-07-20,approved,initial-quality-review,,Automatically approved during the accelerated build phase before the bank reaches 150 questions.
SEC701-0000110,SEC-701,CompTIA Security+,SY0-701,6.0,1,SEC701-BATCH-006,2.0,"Threats, Vulnerabilities, and Mitigations",2.5,Explain the purpose of mitigation techniques used to secure the enterprise.,Application sandboxing,disposable-sandbox-untrusted-document,medium,single_choice,scenario,,"A security team wants employees to open untrusted documents in an isolated, disposable environment that cannot directly access local files or corporate credentials. Which mitigation best meets the requirement?",Password rotation,Data deduplication,Network load balancing,Application sandboxing,D,"Sandboxing restricts an application's access to the host and other resources, limiting the impact of malicious content in the isolated environment.",Password rotation does not isolate document processing from local resources.,Deduplication reduces repeated storage and is not an execution-control technique.,Load balancing distributes traffic among systems and does not isolate untrusted document behavior.,"A disposable sandbox confines the document viewer and reduces access to the user's files, credentials, and operating environment.",Application sandboxing|Isolation|Malicious documents|Attack-surface reduction,SRC-COMPTIA-SY0701-V6|SRC-NIST-SP800-53R5,CompTIA objective 2.5; NIST isolation and restricted-execution concepts.,2026-07-20,2026-07-20,2026-07-20,approved,initial-quality-review,,Automatically approved during the accelerated build phase before the bank reaches 150 questions.
SEC701-0000111,SEC-701,CompTIA Security+,SY0-701,6.0,2,SEC701-BATCH-006,3.0,Security Architecture,3.1,Compare and contrast security implications of different architecture models.,Operational technology security,ot-safety-availability-constrains-patching,hard,single_choice,comparison,,Which security implication is especially important when protecting an operational technology environment that controls a physical manufacturing process?,Safety and availability constraints may require tested changes during planned maintenance windows,Confidentiality is the only security objective relevant to the manufacturing process,Security updates should be installed immediately without operational testing,Monitoring is unnecessary when equipment controls a physical process,A,"OT changes can affect safety, equipment, and continuous production, so testing and planned maintenance windows are often necessary.",The answer reflects the operational and safety constraints that distinguish many OT environments.,"Integrity, availability, and safety are often central OT concerns.",Untested immediate updates can interrupt operations or create unsafe conditions.,Monitoring remains important for detecting abnormal communication and behavior.,Operational technology|Safety|Availability|Patch windows|Segmentation,SRC-COMPTIA-SY0701-V6|SRC-NIST-SP800-53R5|SRC-NIST-SP800-128,"CompTIA objective 3.1; configuration, availability, and segmentation principles.",2026-07-20,2026-07-27,2026-07-27,approved,terminology-and-answer-balance-audit,,Automatically approved during the accelerated build phase before the bank reaches 150 questions. Revised during the Security+ terminology and answer-choice length audit.
SEC701-0000112,SEC-701,CompTIA Security+,SY0-701,6.0,1,SEC701-BATCH-006,3.0,Security Architecture,3.2,"Given a scenario, apply security principles to secure enterprise infrastructure.",Forward proxy controls,authenticated-forward-proxy-outbound-web-access,medium,single_choice,scenario,,"Employee browsers should not connect directly to Internet websites. The organization wants a central service that authenticates users, applies URL categories, scans outbound web requests, and records browsing activity. Which infrastructure component best meets the requirement?",A public authoritative DNS server,An explicit forward proxy,A database load balancer,An out-of-band management switch,B,"A forward proxy mediates client web traffic and can authenticate users, enforce filtering policy, inspect requests, and create centralized logs.",An authoritative DNS server publishes records for a domain and does not mediate users' web sessions.,The proxy becomes the controlled outbound web path and provides the specified inspection and policy functions.,A database load balancer distributes database connections rather than employee Internet traffic.,An out-of-band switch provides an isolated management path for infrastructure.,Forward proxies|Outbound web security|URL filtering|User authentication|Logging,SRC-COMPTIA-SY0701-V6|SRC-NIST-SP800-41R1,CompTIA objective 3.2; NIST proxy and firewall policy guidance.,2026-07-20,2026-07-20,2026-07-20,approved,initial-quality-review,,Automatically approved during the accelerated build phase before the bank reaches 150 questions.
SEC701-0000113,SEC-701,CompTIA Security+,SY0-701,6.0,2,SEC701-BATCH-006,3.0,Security Architecture,3.3,Compare and contrast concepts and strategies to protect data.,Tokenization,payment-card-token-protected-mapping,medium,single_choice,comparison,,A payment-processing test environment replaces each credit card number with a random surrogate value. A protected mapping service can restore the original number only for authorized production processes. Which technique is being used?,Data masking,Data destruction,Tokenization,File compression,C,Tokenization replaces a sensitive value with a surrogate token while a protected system maintains the mapping needed for authorized recovery.,Masking obscures data for display or testing but does not necessarily use a recoverable token mapping.,Data destruction removes information instead of replacing it with a reusable surrogate.,The random surrogate and protected mapping service are characteristic of tokenization.,Compression changes storage representation and does not protect the original value through a token.,Tokenization|Sensitive data|Surrogate values|Protected mappings,SRC-COMPTIA-SY0701-V6|SRC-NIST-PRIVACY-FRAMEWORK,CompTIA objective 3.3; privacy-risk and data-processing concepts.,2026-07-20,2026-07-27,2026-07-27,approved,terminology-and-answer-balance-audit,,Automatically approved during the accelerated build phase before the bank reaches 150 questions. Revised during the Security+ terminology and answer-choice length audit.
SEC701-0000114,SEC-701,CompTIA Security+,SY0-701,6.0,1,SEC701-BATCH-006,3.0,Security Architecture,3.4,Explain the importance of resilience and recovery in security architecture.,Active-active resilience,active-active-data-centers-automatic-traffic-redistribution,hard,single_choice,scenario,,"Two geographically separated data centers simultaneously process production requests and maintain synchronized application state. If one site fails, the traffic manager sends new requests to the remaining site without first starting standby systems. Which resilience design is described?",Cold-site recovery,Active-passive failover,Offline archival backup,Active-active architecture,D,"In an active-active design, multiple sites serve production traffic at the same time, allowing remaining active capacity to continue service when one site fails.",A cold site requires substantial setup and restoration before processing begins.,An active-passive design keeps a standby environment that takes over after activation or promotion.,An archival backup preserves data but does not provide simultaneous live processing.,"Both sites are already active and processing requests, which defines active-active resilience.",Active-active architecture|High availability|Geographic redundancy|Failover,SRC-COMPTIA-SY0701-V6|SRC-NIST-SP800-34R1,CompTIA objective 3.4; NIST resilience and alternate-processing concepts.,2026-07-20,2026-07-20,2026-07-20,approved,initial-quality-review,,Automatically approved during the accelerated build phase before the bank reaches 150 questions.
SEC701-0000115,SEC-701,CompTIA Security+,SY0-701,6.0,1,SEC701-BATCH-006,4.0,Security Operations,4.1,"Given a scenario, apply common security techniques to computing resources.",Default account hardening,change-default-credentials-disable-unused-accounts,easy,single_choice,direct,,A newly installed network appliance still has the vendor's default administrator password and several unused default accounts. Which hardening action should be performed before production use?,Change the default credentials and disable or remove unused accounts,Increase the appliance's log-retention period only,Publish the default password in the operations guide,Allow administrative access from every internal subnet,A,Default credentials and unnecessary accounts are predictable access paths. Replacing the credentials and removing unused accounts directly reduces that risk.,The action eliminates known defaults and reduces unnecessary account exposure.,Logging is useful but does not correct the existing credential weakness.,Publishing the password further exposes the credential.,Broad administrative access increases rather than reduces the attack surface.,Default credentials|Account hardening|Secure configuration|Appliance security,SRC-COMPTIA-SY0701-V6|SRC-NIST-SP800-53R5,CompTIA objective 4.1; NIST authenticator and secure-configuration controls.,2026-07-20,2026-07-20,2026-07-20,approved,initial-quality-review,,Automatically approved during the accelerated build phase before the bank reaches 150 questions.
SEC701-0000116,SEC-701,CompTIA Security+,SY0-701,6.0,1,SEC701-BATCH-006,4.0,Security Operations,4.2,"Explain the security implications of proper hardware, software, and data asset management.",Software bills of materials,sbom-identifies-products-containing-vulnerable-library,hard,single_choice,scenario,,"A critical vulnerability is announced in a third-party library that is often embedded inside commercial products. The organization needs to determine which deployed applications contain the library, including transitive components not listed as separately installed software. Which asset record is most useful?",A physical rack diagram,A software bill of materials,A records-retention schedule,A memorandum of understanding,B,"An SBOM inventories software components and dependencies within a product, supporting identification of applications that include a vulnerable library.",A rack diagram identifies physical placement and connections rather than embedded software dependencies.,The component and dependency inventory directly supports vulnerability impact analysis for the library.,A retention schedule defines how long records are kept and disposed.,An MOU documents an understanding between parties and does not inventory software components.,SBOM|Software inventory|Dependencies|Vulnerability impact analysis|Supply chain,SRC-COMPTIA-SY0701-V6|SRC-NIST-SP800-161R1|SRC-NIST-SP800-53R5,CompTIA objective 4.2; software-component inventory and supply-chain guidance.,2026-07-20,2026-07-20,2026-07-20,approved,initial-quality-review,,Automatically approved during the accelerated build phase before the bank reaches 150 questions.
SEC701-0000117,SEC-701,CompTIA Security+,SY0-701,6.0,1,SEC701-BATCH-006,4.0,Security Operations,4.4,Explain security alerting and monitoring concepts and tools.,Security event correlation,correlate-iam-mfa-edr-signals-high-confidence,medium,single_choice,scenario,,"A SIEM receives a new-country sign-in event, repeated rejected MFA prompts, and an EDR alert showing a browser token copied from the same user's endpoint. A rule combines the three events into one high-priority incident. Which monitoring capability is being used?",Log retention,Packet fragmentation,Event correlation,Data tokenization,C,Event correlation combines related signals from different sources to create a higher-confidence and more useful security alert.,Retention preserves events for a period but does not link them into a single incident.,Packet fragmentation divides network traffic and is not an alerting function.,"The SIEM is associating identity, authentication, and endpoint events that share context.",Tokenization replaces sensitive values with surrogates and is unrelated to alert analysis.,SIEM correlation|Multi-source alerts|Identity telemetry|EDR telemetry|Alert fidelity,SRC-COMPTIA-SY0701-V6|SRC-NIST-SP800-137|SRC-NIST-SP800-92,"CompTIA objective 4.4; NIST monitoring, analysis, and log-management guidance.",2026-07-20,2026-07-20,2026-07-20,approved,initial-quality-review,,Automatically approved during the accelerated build phase before the bank reaches 150 questions.
SEC701-0000118,SEC-701,CompTIA Security+,SY0-701,6.0,1,SEC701-BATCH-006,4.0,Security Operations,4.6,"Given a scenario, implement and maintain identity and access management.",Attribute-based access control,abac-patient-assignment-device-location-time,hard,single_choice,scenario,,"A hospital grants access to a patient record only when the requester is a clinician assigned to that patient, the device is compliant, the connection originates from an approved location, and the request occurs during the clinician's shift. Which access-control model best fits the policy?",Discretionary access control,Role-based access control,Mandatory access control,Attribute-based access control,D,"ABAC evaluates multiple attributes of the subject, resource, environment, and requested action to make a dynamic access decision.",DAC allows an owner to grant permissions and does not by itself express the multi-attribute policy.,"RBAC bases access primarily on assigned roles; the scenario also depends on patient assignment, device state, location, and time.",MAC uses centrally assigned classifications and clearances.,"The policy evaluates user, resource, device, location, and time attributes.",ABAC|Context-aware access|Device compliance|Environmental attributes|IAM,SRC-COMPTIA-SY0701-V6|SRC-NIST-SP800-53R5|SRC-NIST-SP800-207,CompTIA objective 4.6; NIST access-enforcement and Zero Trust concepts.,2026-07-20,2026-07-20,2026-07-20,approved,initial-quality-review,,Automatically approved during the accelerated build phase before the bank reaches 150 questions.
SEC701-0000119,SEC-701,CompTIA Security+,SY0-701,6.0,2,SEC701-BATCH-006,4.0,Security Operations,4.7,Explain the importance of automation and orchestration related to secure operations.,Automation privilege management,least-privilege-automation-service-identity,medium,single_choice,scenario,,"An endpoint-response script only needs permission to isolate managed devices, but it runs under an account that can disable every user and modify core firewall policy. Which improvement most directly reduces the automation's blast radius?",Use a dedicated service identity limited to endpoint isolation,Keep the broad account but require a second approval before each run,Keep the broad account and increase logging around every action,Share the account across response workflows to simplify credential management,A,"A dedicated least-privilege identity limits what a faulty or compromised playbook can change, directly reducing its blast radius.",The identity is scoped to the function the script actually performs.,"Additional approval can reduce misuse, but the automation still retains unnecessary power if it runs incorrectly or is compromised.",Better logging improves detection and accountability but does not limit the actions the account can perform.,Reusing the powerful account expands exposure and complicates attribution.,Automation identities|Least privilege|Service accounts|Secrets management|Blast radius,SRC-COMPTIA-SY0701-V6|SRC-NIST-SP800-53R5,CompTIA objective 4.7; least-privilege and automated-process accountability controls.,2026-07-20,2026-07-27,2026-07-27,approved,terminology-and-answer-balance-audit,,Automatically approved during the accelerated build phase before the bank reaches 150 questions. Revised during the Security+ terminology and answer-choice length audit.
SEC701-0000120,SEC-701,CompTIA Security+,SY0-701,6.0,1,SEC701-BATCH-006,4.0,Security Operations,4.8,Explain appropriate incident response activities.,Incident recovery,recovery-restore-validate-monitor-before-reconnect,medium,single_choice,scenario,,"Malware has been removed, persistence has been eliminated, and the exploited vulnerability has been remediated. The response team restores the system from a known-good backup, validates critical functions, increases monitoring, and returns the system to production in stages. Which incident-response phase is this?",Preparation,Recovery,Detection and analysis,Containment,B,"Recovery restores normal operations, verifies that systems function safely, and monitors them as they return to service.","Preparation occurs before an incident and includes planning, training, and tool readiness.","Restoration, validation, staged reconnection, and enhanced monitoring are recovery activities.",Detection and analysis identify and characterize the incident.,Containment limits spread and damage before eradication and recovery.,Incident recovery|Known-good backups|Validation|Staged restoration|Monitoring,SRC-COMPTIA-SY0701-V6|SRC-NIST-SP800-61R3,CompTIA objective 4.8; NIST incident recovery activities.,2026-07-20,2026-07-20,2026-07-20,approved,initial-quality-review,,Automatically approved during the accelerated build phase before the bank reaches 150 questions.
SEC701-0000121,SEC-701,CompTIA Security+,SY0-701,6.0,1,SEC701-BATCH-006,4.0,Security Operations,4.9,"Given a scenario, use data sources to support an investigation.",Email header analysis,email-headers-received-spf-dkim-origin,easy,single_choice,direct,,"An analyst investigating a suspected phishing message needs to review the mail-server path, originating addresses, and SPF and DKIM results. Which data source should the analyst examine?",A DHCP scope configuration,A vulnerability scan report,The message's full email headers,A disk-health report,C,"Full email headers contain routing fields, sending-server information, authentication results, and other metadata useful for phishing analysis.",DHCP configuration manages address assignment and does not describe a message's delivery path.,A vulnerability report lists security findings rather than email-routing metadata.,The Received fields and authentication-results fields provide the requested evidence.,A disk-health report describes storage-device condition.,Email headers|Received fields|SPF|DKIM|Phishing investigation,SRC-COMPTIA-SY0701-V6|SRC-CISA-PHISHING|SRC-NIST-SP800-92,CompTIA objective 4.9; phishing and investigation data-source guidance.,2026-07-20,2026-07-20,2026-07-20,approved,initial-quality-review,,Automatically approved during the accelerated build phase before the bank reaches 150 questions.
SEC701-0000122,SEC-701,CompTIA Security+,SY0-701,6.0,1,SEC701-BATCH-006,5.0,Security Program Management and Oversight,5.1,Summarize elements of effective security governance.,Data ownership,business-data-owner-classification-access-requirements,medium,single_choice,scenario,,"A business executive determines that a customer dataset is confidential, approves which job functions may access it, and defines its retention needs. The IT team implements the selected controls and maintains the storage system. Which role does the business executive perform?",Data custodian,External auditor,System operator,Data owner,D,"The data owner is accountable for classification, acceptable use, access requirements, and business handling decisions. Custodians implement and operate the controls.",A custodian implements and maintains technical and operational safeguards according to the owner's requirements.,An external auditor independently evaluates controls and compliance.,A system operator performs day-to-day technical activities but does not define business classification and access policy.,The executive is making the business decisions associated with ownership.,Data owners|Data custodians|Classification|Access approval|Governance roles,SRC-COMPTIA-SY0701-V6|SRC-NIST-CSF2|SRC-NIST-SP800-53R5,"CompTIA objective 5.1; governance roles, responsibilities, and accountability.",2026-07-20,2026-07-20,2026-07-20,approved,initial-quality-review,,Automatically approved during the accelerated build phase before the bank reaches 150 questions.
SEC701-0000123,SEC-701,CompTIA Security+,SY0-701,6.0,1,SEC701-BATCH-006,5.0,Security Program Management and Oversight,5.2,Explain elements of the risk management process.,Risk avoidance,discontinue-service-eliminates-risk-source,easy,single_choice,direct,,An organization discontinues a legacy online service because the exposure cannot be reduced to an acceptable level. Which risk response is being used?,Risk avoidance,Risk transference,Risk acceptance,Risk sharing,A,"Risk avoidance removes the activity or condition that creates the risk, such as discontinuing the service.",The organization stops the risky activity rather than continuing it.,"Risk transference assigns specified consequences to another party, often through insurance or contracts.",Risk acceptance continues the activity while knowingly retaining the risk.,Risk sharing distributes responsibility or consequences among multiple parties.,Risk responses|Risk avoidance|Risk acceptance|Risk transference,SRC-COMPTIA-SY0701-V6|SRC-NIST-SP800-30R1,CompTIA objective 5.2; NIST risk-response concepts.,2026-07-20,2026-07-20,2026-07-20,approved,initial-quality-review,,Automatically approved during the accelerated build phase before the bank reaches 150 questions.
SEC701-0000124,SEC-701,CompTIA Security+,SY0-701,6.0,2,SEC701-BATCH-006,5.0,Security Program Management and Oversight,5.4,Summarize elements of effective security compliance.,Records retention,documented-retention-schedule-secure-disposition,hard,single_choice,scenario,,"A company keeps customer records indefinitely because storage is inexpensive, even though several records contain sensitive personal information and have no remaining business purpose. Which compliance improvement best addresses the risk?",Move the records to faster storage while keeping the same retention practice,Enforce a requirements-based retention schedule followed by secure disposal,Let each employee decide independently when customer records should be deleted,Remove creation dates so the age of retained records is no longer visible,B,"A governed schedule ties retention to legal, regulatory, contractual, and business needs and connects the end of that period to secure disposition.",Faster storage does not reduce over-retention or the amount of sensitive data exposed.,The schedule limits retention to justified periods and defines controlled disposal.,Individual discretion creates inconsistent handling and weakens accountability.,Removing dates conceals the issue and makes retention enforcement harder.,Records retention|Secure disposition|Data lifecycle|Privacy compliance,SRC-COMPTIA-SY0701-V6|SRC-NIST-PRIVACY-FRAMEWORK|SRC-NIST-SP800-53R5,CompTIA objective 5.4; privacy data-processing and retention controls.,2026-07-20,2026-07-27,2026-07-27,approved,terminology-and-answer-balance-audit,,Automatically approved during the accelerated build phase before the bank reaches 150 questions. Revised during the Security+ terminology and answer-choice length audit.
SEC701-0000125,SEC-701,CompTIA Security+,SY0-701,6.0,1,SEC701-BATCH-006,5.0,Security Program Management and Oversight,5.5,Explain types and purposes of audits and assessments.,Vulnerability assessments,broad-identification-without-exploitation-vulnerability-assessment,medium,single_choice,comparison,,An organization wants a broad review that identifies and prioritizes known weaknesses across thousands of systems. The engagement should not attempt to exploit findings or demonstrate access to sensitive data. Which type of assessment best matches the requirement?,Red-team exercise,Black-box penetration test,Vulnerability assessment,Physical social-engineering test,C,A vulnerability assessment systematically identifies and prioritizes weaknesses without requiring exploitation to demonstrate impact.,A red-team exercise pursues broader adversary objectives and often tests detection and response through multiple attack paths.,A penetration test attempts to validate exploitability and demonstrate the effect of weaknesses.,The requested broad identification and prioritization without exploitation is a vulnerability assessment.,A physical social-engineering test evaluates human and facility controls.,Vulnerability assessments|Penetration tests|Assessment scope|Weakness prioritization,SRC-COMPTIA-SY0701-V6|SRC-NIST-SP800-115,CompTIA objective 5.5; NIST technical assessment methods.,2026-07-20,2026-07-20,2026-07-20,approved,initial-quality-review,,Automatically approved during the accelerated build phase before the bank reaches 150 questions.
SEC701-0000126,SEC-701,CompTIA Security+,SY0-701,6.0,1,SEC701-BATCH-006,5.0,Security Program Management and Oversight,5.6,"Given a scenario, implement security awareness practices.",Shoulder-surfing awareness,public-workspace-screen-privacy-practices,easy,single_choice,scenario,,An employee working in an airport lounge notices that a nearby traveler can see confidential information on the laptop display. Which response best reflects appropriate security-awareness practice?,Continue working because the traveler is not using a camera,Increase the screen brightness so the employee can read more quickly,Read the sensitive information aloud to avoid displaying it,"Reposition the screen, use a privacy filter or move to a more private location, and minimize sensitive information displayed in public",D,"The response reduces visual exposure through positioning, privacy controls, location choice, and limiting the sensitive information displayed.",Direct observation can disclose information without a camera.,Higher brightness may make the display easier for nearby people to view.,Speaking the information creates another disclosure channel.,The actions directly reduce the risk of shoulder surfing in the public workspace.,Shoulder surfing|Screen privacy|Public workspaces|Security awareness,SRC-COMPTIA-SY0701-V6|SRC-NIST-SP800-53R5,CompTIA objective 5.6; awareness and information-exposure controls.,2026-07-20,2026-07-20,2026-07-20,approved,initial-quality-review,,Automatically approved during the accelerated build phase before the bank reaches 150 questions.
SEC701-0000127,SEC-701,CompTIA Security+,SY0-701,6.0,1,SEC701-BATCH-007,1.0,General Security Concepts,1.2,Summarize fundamental security concepts.,Availability through redundancy,redundant-power-supplies-availability,easy,single_choice,direct,,A server uses two independent power supplies connected to separate power circuits so that one failed supply or circuit does not stop the server. Which security objective is most directly supported?,Availability,Confidentiality,Non-repudiation,Authorization,A,"Redundant power components reduce a single point of failure and help keep the service accessible, directly supporting availability.",The design keeps the server operating when one power component or circuit fails.,Confidentiality prevents unauthorized disclosure of information.,Non-repudiation provides evidence that an action or message can be attributed to a party.,Authorization determines whether an authenticated identity may perform an action.,CIA triad|Availability|Redundancy|Single points of failure,SRC-COMPTIA-SY0701-V6|SRC-NIST-SP800-53R5,CompTIA objective 1.2; NIST availability and redundancy concepts.,2026-07-20,2026-07-20,2026-07-20,approved,initial-quality-review,,Automatically approved in the final accelerated-build batch. Future questions return to the normal draft and explicit-review workflow.
SEC701-0000128,SEC-701,CompTIA Security+,SY0-701,6.0,1,SEC701-BATCH-007,1.0,General Security Concepts,1.4,Explain the importance of using appropriate cryptographic solutions.,Keyed message authentication,hmac-shared-key-integrity-authentication,medium,single_choice,comparison,,Two internal services share a secret key and need to verify that API messages were not altered and were generated by a party possessing that shared key. They do not require public verification by outsiders. Which mechanism best fits the requirement?,An unkeyed SHA-256 hash,An HMAC,A public certificate revocation list,Asymmetric encryption of the entire message,B,An HMAC combines a shared secret with a cryptographic hash to provide message integrity and authentication between parties that possess the key.,"An unkeyed hash can detect accidental changes when a trusted reference is available, but any party can calculate a replacement hash.",The shared secret lets each service verify both integrity and possession of the authentication key.,A revocation list reports certificate status and does not authenticate the API message.,"Asymmetric encryption can provide confidentiality, but encrypting the entire message is not the keyed-hash requirement described.",HMAC|Message authentication|Integrity|Shared secrets|Cryptographic hashes,SRC-COMPTIA-SY0701-V6|SRC-RFC2104,CompTIA objective 1.4; RFC 2104 HMAC purpose and operation.,2026-07-20,2026-07-20,2026-07-20,approved,initial-quality-review,,Automatically approved in the final accelerated-build batch. Future questions return to the normal draft and explicit-review workflow.
SEC701-0000129,SEC-701,CompTIA Security+,SY0-701,6.0,1,SEC701-BATCH-007,2.0,"Threats, Vulnerabilities, and Mitigations",2.1,Compare and contrast common threat actors and motivations.,Competitor threat actors,competitor-steals-confidential-bid-competitive-advantage,medium,single_choice,scenario,,Investigators link the theft of confidential bid documents to contractors working for another company competing for the same government project. Which threat actor and motivation best fit the scenario?,Hacktivists motivated by ideology,An insider motivated by revenge,A competitor motivated by competitive advantage,An unskilled attacker motivated by notoriety,C,"The activity benefits a business competing for the same contract and seeks an unfair market advantage, which aligns with a competitor threat actor.","Hacktivists pursue political, social, or ideological objectives rather than a commercial bid advantage.",The scenario does not identify a trusted employee acting from a personal grievance.,The stolen bid information directly benefits the rival company's competitive position.,The operation has a defined commercial objective rather than a search for attention.,Competitors|Corporate espionage|Threat motivations|Competitive advantage,SRC-COMPTIA-SY0701-V6,CompTIA objective 2.1 threat-actor types and motivations.,2026-07-20,2026-07-20,2026-07-20,approved,initial-quality-review,,Automatically approved in the final accelerated-build batch. Future questions return to the normal draft and explicit-review workflow.
SEC701-0000130,SEC-701,CompTIA Security+,SY0-701,6.0,1,SEC701-BATCH-007,2.0,"Threats, Vulnerabilities, and Mitigations",2.2,Explain common threat vectors and attack surfaces.,Pretexting,pretexting-fake-auditor-employee-records,easy,single_choice,scenario,,"A caller claims to be an external auditor performing an urgent compliance review and asks a human-resources employee to send a list of employee names, birth dates, and identification numbers. The caller uses a detailed fictional story to make the request seem legitimate. Which technique is being used?",Shoulder surfing,Typosquatting,Credential stuffing,Pretexting,D,Pretexting uses an invented identity and believable scenario to persuade a target to disclose information or perform an action.,Shoulder surfing obtains information by visually observing a person or screen.,Typosquatting registers lookalike domain names to capture mistaken visits.,Credential stuffing reuses stolen username-and-password pairs against other services.,The fake audit and urgent compliance story form the pretext used to solicit sensitive records.,Pretexting|Social engineering|Impersonation|Sensitive information requests,SRC-COMPTIA-SY0701-V6|SRC-CISA-PHISHING,CompTIA objective 2.2; impersonation and social-engineering concepts.,2026-07-20,2026-07-20,2026-07-20,approved,initial-quality-review,,Automatically approved in the final accelerated-build batch. Future questions return to the normal draft and explicit-review workflow.
SEC701-0000131,SEC-701,CompTIA Security+,SY0-701,6.0,1,SEC701-BATCH-007,2.0,"Threats, Vulnerabilities, and Mitigations",2.3,Explain various types of vulnerabilities.,Directory traversal,path-traversal-dot-dot-file-access,medium,single_choice,scenario,,A web application retrieves documents using a user-controlled filename. An attacker submits sequences such as ../../ to read an operating-system configuration file outside the intended document directory. Which vulnerability is being exploited?,Directory traversal,Cross-site request forgery,Integer overflow,Session fixation,A,Directory traversal manipulates pathname elements to escape a restricted directory and access unintended files.,The ../ sequences move through parent directories beyond the approved path.,CSRF tricks an authenticated browser into submitting an unwanted request.,An integer overflow occurs when arithmetic exceeds the representable range.,Session fixation causes a victim to authenticate using a session identifier known to the attacker.,Directory traversal|Path validation|Restricted directories|File access,SRC-COMPTIA-SY0701-V6|SRC-MITRE-CWE22,CompTIA objective 2.3; MITRE CWE-22.,2026-07-20,2026-07-20,2026-07-20,approved,initial-quality-review,,Automatically approved in the final accelerated-build batch. Future questions return to the normal draft and explicit-review workflow.
SEC701-0000132,SEC-701,CompTIA Security+,SY0-701,6.0,1,SEC701-BATCH-007,2.0,"Threats, Vulnerabilities, and Mitigations",2.3,Explain various types of vulnerabilities.,Insecure deserialization,untrusted-serialized-object-code-execution,hard,single_choice,scenario,,An application accepts a serialized object from a browser cookie and reconstructs it without validating the object's type or contents. An attacker crafts an object that invokes an unexpected method during reconstruction and executes code on the server. Which vulnerability is present?,Reflected cross-site scripting,Insecure deserialization,DNS cache poisoning,Resource exhaustion,B,"Deserializing attacker-controlled objects can invoke dangerous code paths or alter application logic, which is insecure deserialization.",Reflected XSS places attacker input into a web response that executes in a user's browser.,The server reconstructs an untrusted serialized object and triggers attacker-controlled behavior.,DNS cache poisoning inserts false name-resolution data into a resolver cache.,Resource exhaustion consumes capacity to degrade availability; the scenario describes code execution during object reconstruction.,Insecure deserialization|Untrusted objects|Application security|Code execution,SRC-COMPTIA-SY0701-V6|SRC-MITRE-CWE502,CompTIA objective 2.3; MITRE CWE-502.,2026-07-20,2026-07-20,2026-07-20,approved,initial-quality-review,,Automatically approved in the final accelerated-build batch. Future questions return to the normal draft and explicit-review workflow.
SEC701-0000133,SEC-701,CompTIA Security+,SY0-701,6.0,1,SEC701-BATCH-007,2.0,"Threats, Vulnerabilities, and Mitigations",2.4,"Given a scenario, analyze indicators of malicious activity.",On-path attack indicators,arp-poisoning-gateway-mac-changes-certificate-warnings,medium,single_choice,scenario,,Users on one office subnet begin receiving certificate warnings for normally trusted internal websites. Network logs also show the default gateway's IP address rapidly alternating between two MAC addresses. Which malicious activity is most consistent with these indicators?,Password spraying,A domain generation algorithm,An on-path attack using ARP poisoning,A logic bomb,C,ARP poisoning can redirect local traffic through an attacker. The changing gateway mapping and unexpected certificate warnings are consistent with traffic interception.,Password spraying creates authentication failures across many accounts and does not explain gateway MAC changes.,A DGA produces many algorithmic domain queries for command-and-control discovery.,The attacker is manipulating local address resolution to position a system between users and their destinations.,A logic bomb triggers malicious code when a condition is met and does not produce this network pattern.,On-path attacks|ARP poisoning|Certificate warnings|Network indicators,SRC-COMPTIA-SY0701-V6|SRC-NIST-SP800-94,CompTIA objective 2.4; network attack and detection concepts.,2026-07-20,2026-07-20,2026-07-20,approved,initial-quality-review,,Automatically approved in the final accelerated-build batch. Future questions return to the normal draft and explicit-review workflow.
SEC701-0000134,SEC-701,CompTIA Security+,SY0-701,6.0,1,SEC701-BATCH-007,2.0,"Threats, Vulnerabilities, and Mitigations",2.4,"Given a scenario, analyze indicators of malicious activity.",Ransomware indicators,rapid-file-encryption-extension-changes-ransom-note,easy,single_choice,direct,,"A workstation rapidly rewrites many user documents, changes their extensions, and creates a payment-demand text file in each affected folder. Which type of malicious activity is most strongly indicated?",Cryptojacking,Spyware,A rootkit,Ransomware,D,"Rapid bulk encryption or rewriting of user files, extension changes, and payment instructions are characteristic ransomware indicators.",Cryptojacking consumes computing resources to mine cryptocurrency and does not normally encrypt user files.,Spyware secretly collects information and does not typically create ransom notes.,A rootkit conceals malicious activity or preserves privileged access.,The file changes and payment demand match ransomware behavior.,Ransomware|Malware indicators|File encryption|Ransom notes,SRC-COMPTIA-SY0701-V6|SRC-NIST-SP800-61R3,CompTIA objective 2.4; malware identification and incident-response concepts.,2026-07-20,2026-07-20,2026-07-20,approved,initial-quality-review,,Automatically approved in the final accelerated-build batch. Future questions return to the normal draft and explicit-review workflow.
SEC701-0000135,SEC-701,CompTIA Security+,SY0-701,6.0,1,SEC701-BATCH-007,2.0,"Threats, Vulnerabilities, and Mitigations",2.5,Explain the purpose of mitigation techniques used to secure the enterprise.,Privileged access workstations,dedicated-paw-separates-administration-from-browsing,hard,single_choice,scenario,,"Domain administrators currently use ordinary laptops for privileged changes, email, web browsing, and document editing. Which mitigation most directly reduces the chance that a phishing compromise of everyday activity leads to domain-level credential theft?",Require privileged administration from dedicated hardened workstations that are restricted from ordinary email and web use,Increase the ordinary laptops' screen-lock timeout,Store administrator passwords in a shared spreadsheet,Allow administrative sign-in from every managed endpoint,A,Privileged access workstations separate high-value administrative sessions from common attack channels and can be hardened for a narrowly defined purpose.,"The dedicated environment reduces exposure of privileged credentials to email, browsing, and general-purpose software.",Screen locking helps with unattended-device access but does not isolate privileged sessions from phishing and malware.,A shared spreadsheet weakens credential security and accountability.,Broadening where privileged accounts can sign in increases exposure.,Privileged access workstations|Administrative separation|Credential protection|Hardening,SRC-COMPTIA-SY0701-V6|SRC-NIST-SP800-53R5|SRC-NIST-SP800-207,CompTIA objective 2.5; privileged-access and least-privilege concepts.,2026-07-20,2026-07-20,2026-07-20,approved,initial-quality-review,,Automatically approved in the final accelerated-build batch. Future questions return to the normal draft and explicit-review workflow.
SEC701-0000136,SEC-701,CompTIA Security+,SY0-701,6.0,1,SEC701-BATCH-007,3.0,Security Architecture,3.1,Compare and contrast security implications of different architecture models.,IoT architecture,iot-limited-update-capability-segment-monitor,medium,single_choice,scenario,,"A building contains Internet-connected environmental sensors with limited processing power, infrequent vendor updates, and no support for endpoint security agents. Which design best reduces the risk these devices create?",Place the sensors on the same unrestricted network as finance workstations,"Inventory and uniquely identify the sensors, isolate them on a restricted segment, limit permitted communication, and monitor their behavior",Disable network monitoring because the devices have limited processors,Give every sensor local administrator access to nearby servers,B,"Constrained IoT devices often require compensating architectural controls. Inventory, segmentation, limited interfaces, and monitoring reduce exposure when host-based controls are unavailable.",A shared unrestricted network allows a compromised sensor to reach sensitive endpoints.,The controls account for device limitations while reducing reachable services and improving visibility.,Monitoring is especially useful when devices cannot run security agents.,Administrative access to servers greatly increases the potential impact of device compromise.,IoT security|Device constraints|Segmentation|Interface restriction|Monitoring,SRC-COMPTIA-SY0701-V6|SRC-NIST-IR8259A|SRC-NIST-SP800-53R5,CompTIA objective 3.1; NIST IoT device cybersecurity baseline.,2026-07-20,2026-07-20,2026-07-20,approved,initial-quality-review,,Automatically approved in the final accelerated-build batch. Future questions return to the normal draft and explicit-review workflow.
SEC701-0000137,SEC-701,CompTIA Security+,SY0-701,6.0,2,SEC701-BATCH-007,3.0,Security Architecture,3.1,Compare and contrast security implications of different architecture models.,Hybrid cloud architecture,hybrid-cloud-classify-encrypt-control-data-flow,hard,single_choice,scenario,,"A company keeps regulated records in an on-premises database but uses a public cloud analytics service. Only minimized approved fields may leave the local environment, the transfer must be encrypted, and the cloud identity must have narrow access. Which architecture best supports the requirement?",Replicate the complete raw database to a publicly accessible cloud bucket,Give the analytics service administrative access and rely on cloud audit logs,Use a controlled hybrid integration that sends only approved data through the protected connection,Disable classification labels because the data crosses two environments,C,"The controlled integration enforces data minimization, protected transport, and least-privilege access across the hybrid boundary.",Publicly exposing the full raw database violates the stated minimization and protection requirements.,Broad administrative access exceeds the analytics service's required privilege.,The integration sends only approved data through the encrypted connection using the restricted identity.,Classification remains important for applying consistent handling rules across environments.,Hybrid cloud|Data minimization|Encrypted connections|Least privilege|Trust boundaries,SRC-COMPTIA-SY0701-V6|SRC-NIST-SP800-207|SRC-NIST-PRIVACY-FRAMEWORK,"CompTIA objective 3.1; hybrid architecture, Zero Trust, and privacy principles.",2026-07-20,2026-07-27,2026-07-27,approved,terminology-and-answer-balance-audit,,Automatically approved in the final accelerated-build batch. Future questions return to the normal draft and explicit-review workflow. Revised during the Security+ terminology and answer-choice length audit.
SEC701-0000138,SEC-701,CompTIA Security+,SY0-701,6.0,1,SEC701-BATCH-007,3.0,Security Architecture,3.2,"Given a scenario, apply security principles to secure enterprise infrastructure.",Site-to-site VPNs,ipsec-vpn-connects-branch-networks,easy,single_choice,direct,,Two branch offices need an encrypted network-layer connection across the public Internet so hosts at either office can securely communicate with the other office's private network. Which solution is most appropriate?,An open wireless guest network,A public recursive DNS server,A forward web proxy,A site-to-site IPsec VPN,D,"A site-to-site IPsec VPN creates an encrypted, authenticated tunnel between network gateways, connecting the private branch networks.",An open guest network provides neither private-network connectivity nor appropriate protection.,A recursive DNS server resolves names and does not create an encrypted network tunnel.,A forward proxy mediates selected client application traffic rather than joining two private networks.,The IPsec tunnel protects IP traffic between the branch gateways over the public network.,IPsec|Site-to-site VPNs|Branch connectivity|Encrypted tunnels,SRC-COMPTIA-SY0701-V6|SRC-NIST-SP800-77R1,CompTIA objective 3.2; NIST IPsec VPN guidance.,2026-07-20,2026-07-20,2026-07-20,approved,initial-quality-review,,Automatically approved in the final accelerated-build batch. Future questions return to the normal draft and explicit-review workflow.
SEC701-0000139,SEC-701,CompTIA Security+,SY0-701,6.0,1,SEC701-BATCH-007,3.0,Security Architecture,3.3,Compare and contrast concepts and strategies to protect data.,Information rights management,irm-restrict-forward-print-expire-document,medium,single_choice,scenario,,"A company needs to send a confidential document to an external consultant. The recipient may read it for 14 days but should be prevented from forwarding, printing, or copying its contents. Which data-protection capability best matches the requirement?",Information rights management,Disk defragmentation,Network address translation,Data deduplication,A,"Information rights management applies persistent usage restrictions such as viewing periods, forwarding limits, printing restrictions, and copy controls.",The policy remains associated with the protected document and controls how the recipient may use it.,Defragmentation reorganizes stored blocks and does not enforce document usage.,NAT changes network addressing and does not control document actions.,Deduplication reduces repeated storage and does not restrict recipients.,Information rights management|Document protection|Usage restrictions|Data loss prevention,SRC-COMPTIA-SY0701-V6|SRC-NIST-SP800-53R5,CompTIA objective 3.3; information-flow and usage-control concepts.,2026-07-20,2026-07-20,2026-07-20,approved,initial-quality-review,,Automatically approved in the final accelerated-build batch. Future questions return to the normal draft and explicit-review workflow.
SEC701-0000140,SEC-701,CompTIA Security+,SY0-701,6.0,1,SEC701-BATCH-007,3.0,Security Architecture,3.4,Explain the importance of resilience and recovery in security architecture.,Power resilience,ups-bridges-generator-startup,medium,single_choice,scenario,,A data center has a generator that requires about 45 seconds to start and stabilize after utility power fails. Which component should provide immediate short-duration power to keep systems operating during that interval?,A cold recovery site,An uninterruptible power supply,A network load balancer,A differential backup,B,A UPS supplies near-immediate temporary power and bridges the interval until a generator or other longer-duration source becomes available.,A cold site is an alternate facility and does not provide immediate local power.,Battery-backed UPS power prevents interruption during generator startup.,A load balancer distributes network requests and does not provide electrical power.,A backup protects data for recovery but does not maintain live power.,UPS|Generators|Power redundancy|Availability|Data center resilience,SRC-COMPTIA-SY0701-V6|SRC-NIST-SP800-34R1|SRC-NIST-SP800-53R5,CompTIA objective 3.4; contingency and power-resilience concepts.,2026-07-20,2026-07-20,2026-07-20,approved,initial-quality-review,,Automatically approved in the final accelerated-build batch. Future questions return to the normal draft and explicit-review workflow.
SEC701-0000141,SEC-701,CompTIA Security+,SY0-701,6.0,1,SEC701-BATCH-007,3.0,Security Architecture,3.4,Explain the importance of resilience and recovery in security architecture.,Continuity tabletop exercises,tabletop-exercise-discussion-no-production-failover,hard,single_choice,comparison,,"Business leaders and technical teams meet to walk through a regional outage scenario, discuss decisions, identify missing contacts, and evaluate the continuity plan. They do not interrupt production systems or activate the alternate site. Which test method is being used?",A full interruption test,A parallel processing test,A tabletop exercise,A destructive penetration test,C,"A tabletop exercise is a discussion-based walkthrough of roles, decisions, communications, and plan gaps without performing a live production failover.",A full interruption test stops or replaces production operations and carries substantially greater operational risk.,A parallel test operates recovery systems alongside production to verify processing capability.,The participants discuss the scenario and plan response without activating systems.,A penetration test evaluates security weaknesses rather than business continuity decision-making.,Tabletop exercises|Business continuity testing|Plan validation|Communications,SRC-COMPTIA-SY0701-V6|SRC-NIST-SP800-34R1,CompTIA objective 3.4; NIST contingency-plan testing methods.,2026-07-20,2026-07-20,2026-07-20,approved,initial-quality-review,,Automatically approved in the final accelerated-build batch. Future questions return to the normal draft and explicit-review workflow.
SEC701-0000142,SEC-701,CompTIA Security+,SY0-701,6.0,2,SEC701-BATCH-007,4.0,Security Operations,4.2,"Explain the security implications of proper hardware, software, and data asset management.",Asset tagging,asset-tag-serial-owner-location-inventory,easy,single_choice,scenario,,A technician receives a new company laptop and must make it traceable before issuing it to an employee. Which action best supports ongoing asset accountability?,Remove the manufacturer's serial-number label before assignment,Record only the laptop's current IP address in the inventory,Let the employee decide whether the device should be inventoried,"Apply a unique asset tag and record its serial number, owner, location, and status",D,"A unique tag linked to durable identifying, ownership, location, and lifecycle data supports tracking and accountability.",Removing identifying information weakens traceability.,IP addresses can change and do not establish durable ownership or lifecycle records.,Organizational assets require consistent centralized accountability.,The tag and inventory fields provide persistent identification and responsibility.,Asset tagging|Inventory|Ownership|Lifecycle status|Device accountability,SRC-COMPTIA-SY0701-V6|SRC-NIST-SP800-53R5,CompTIA objective 4.2; NIST system-component inventory controls.,2026-07-20,2026-07-27,2026-07-27,approved,terminology-and-answer-balance-audit,,Automatically approved in the final accelerated-build batch. Future questions return to the normal draft and explicit-review workflow. Revised during the Security+ terminology and answer-choice length audit.
SEC701-0000143,SEC-701,CompTIA Security+,SY0-701,6.0,1,SEC701-BATCH-007,4.0,Security Operations,4.3,Explain various activities associated with vulnerability management.,False-positive validation,validate-scanner-finding-before-risk-exception,medium,single_choice,scenario,,A scanner reports that an Internet-facing server is vulnerable because of a software version inferred from its banner. The administrator believes the vendor backported the security fix without changing the displayed version. What should the vulnerability team do next?,"Validate the finding using authenticated package information, vendor advisories, or a safe targeted check before closing or escalating it",Delete the finding because the administrator disagrees with the scanner,Accept the risk permanently without collecting additional evidence,Disable all future scans of the server,A,Potential false positives should be resolved through evidence-based validation. Authenticated data and vendor information can determine whether the backported fix is actually present.,The approach confirms the real patch state before making a remediation or exception decision.,An unsupported assertion is not sufficient to close a security finding.,Risk acceptance requires an informed decision and does not replace technical validation.,Suppressing future visibility leaves the asset less effectively monitored.,False positives|Vulnerability validation|Backported patches|Authenticated evidence,SRC-COMPTIA-SY0701-V6|SRC-NIST-SP800-40R4|SRC-NIST-SP800-115,CompTIA objective 4.3; NIST vulnerability verification and patch guidance.,2026-07-20,2026-07-20,2026-07-20,approved,initial-quality-review,,Automatically approved in the final accelerated-build batch. Future questions return to the normal draft and explicit-review workflow.
SEC701-0000144,SEC-701,CompTIA Security+,SY0-701,6.0,2,SEC701-BATCH-007,4.0,Security Operations,4.4,Explain security alerting and monitoring concepts and tools.,Immutable security logs,immutable-log-storage-prevents-attacker-deletion,hard,single_choice,scenario,,An attacker who compromises an administrator account deletes local event logs to conceal activity. Which logging design most directly preserves an independent record despite the compromised account?,Keep the only log copy locally and restrict ordinary users from the log directory,Forward logs to append-only storage managed separately from the monitored server,Reduce logged events so the administrator has fewer records to delete,Forward logs to another server administered by the same compromised account,B,Append-only remote storage under separate administration preserves an independent evidence copy when the local administrator account is compromised.,A local-only copy remains under the compromised administrator's control.,Tamper-resistant storage and separate administration protect the independent record.,Logging fewer events reduces visibility and does not protect retained records.,"A separate server is helpful, but the same compromised administrative authority could still alter or delete its logs.",Log integrity|Immutable storage|Centralized logging|Separation of duties|Forensics,SRC-COMPTIA-SY0701-V6|SRC-NIST-SP800-92|SRC-NIST-SP800-53R5,CompTIA objective 4.4; NIST log protection and integrity controls.,2026-07-20,2026-07-27,2026-07-27,approved,terminology-and-answer-balance-audit,,Automatically approved in the final accelerated-build batch. Future questions return to the normal draft and explicit-review workflow. Revised during the Security+ terminology and answer-choice length audit.
SEC701-0000145,SEC-701,CompTIA Security+,SY0-701,6.0,1,SEC701-BATCH-007,4.0,Security Operations,4.5,"Given a scenario, modify enterprise capabilities to enhance security.",Network access control posture,nac-posture-check-quarantine-noncompliant-device,medium,single_choice,scenario,,"Before a laptop receives normal internal network access, the organization must verify that it is managed, has current endpoint protection, and meets the required patch level. Noncompliant devices should receive only remediation access. Which capability best meets the requirement?",A public web application firewall,A DNS authoritative server,Network access control with posture assessment and quarantine,Full-disk encryption without network policy integration,C,NAC can evaluate device identity and security posture before granting access and place noncompliant systems in a restricted remediation network.,A WAF protects web applications and does not assess endpoint posture before internal network admission.,An authoritative DNS server publishes domain records.,The posture check and conditional network placement are core NAC functions.,Disk encryption protects stored data but does not perform admission or quarantine.,Network access control|Posture assessment|Quarantine|Endpoint compliance,SRC-COMPTIA-SY0701-V6|SRC-NIST-SP800-53R5,CompTIA objective 4.5; NIST access enforcement and device-compliance controls.,2026-07-20,2026-07-20,2026-07-20,approved,initial-quality-review,,Automatically approved in the final accelerated-build batch. Future questions return to the normal draft and explicit-review workflow.
SEC701-0000146,SEC-701,CompTIA Security+,SY0-701,6.0,1,SEC701-BATCH-007,4.0,Security Operations,4.9,"Given a scenario, use data sources to support an investigation.",Volatile memory analysis,memory-image-fileless-process-injected-evidence,medium,single_choice,scenario,,"Investigators suspect fileless malware that executed only in memory and injected code into a legitimate process. The endpoint is still powered on. Which evidence source is most likely to contain the malicious process state, injected code, and volatile credentials?",A printed network diagram,A certificate inventory,A weekly vulnerability summary,A forensic memory image,D,"A memory image captures volatile process, injected-code, connection, and credential artifacts that may disappear when the system is powered off.",A network diagram documents architecture but not the live contents of memory.,"A certificate inventory lists cryptographic credentials and status, not current process memory.",A vulnerability summary reports findings rather than volatile execution evidence.,Memory acquisition preserves the live artifacts needed to investigate fileless and injected activity.,Memory forensics|Volatile evidence|Fileless malware|Process injection|Credentials,SRC-COMPTIA-SY0701-V6|SRC-NIST-SP800-86|SRC-NIST-SP800-61R3,CompTIA objective 4.9; NIST forensic collection and incident-response guidance.,2026-07-20,2026-07-20,2026-07-20,approved,initial-quality-review,,Automatically approved in the final accelerated-build batch. Future questions return to the normal draft and explicit-review workflow.
SEC701-0000147,SEC-701,CompTIA Security+,SY0-701,6.0,2,SEC701-BATCH-007,5.0,Security Program Management and Oversight,5.3,Explain the processes associated with third-party risk assessment and management.,Dependence on one provider,single-provider-critical-service-dependency,medium,single_choice,scenario,,"A company moves customer identity, payment processing, backups, and its primary application platform to one cloud provider. Individual services are well secured, but a prolonged provider-wide outage would affect nearly every critical business function. Which third-party risk is most directly illustrated?",Excessive dependence on one cloud provider,Residual data remaining after attempted deletion,Reusing stolen passwords against many accounts,Following an authorized person through a secure door,A,"The company has placed many critical functions with one provider, so a single provider-wide disruption could affect nearly the entire business. This is commonly called vendor concentration risk.",The shared dependency creates a large correlated impact if the provider fails.,Residual data after deletion is data remanence and is unrelated to provider dependency.,Reusing stolen credentials describes credential stuffing.,Following someone into a restricted area describes tailgating.,Third-party dependencies|Cloud providers|Business continuity|Concentration risk,SRC-COMPTIA-SY0701-V6|SRC-NIST-SP800-161R1|SRC-NIST-SP800-47R1,CompTIA objective 5.3; external dependency and supplier risk guidance.,2026-07-20,2026-07-27,2026-07-27,approved,terminology-and-answer-balance-audit,,Automatically approved in the final accelerated-build batch. Future questions return to the normal draft and explicit-review workflow. Revised during the Security+ terminology and answer-choice length audit.
SEC701-0000148,SEC-701,CompTIA Security+,SY0-701,6.0,1,SEC701-BATCH-007,5.0,Security Program Management and Oversight,5.4,Summarize elements of effective security compliance.,Privacy impact assessments,pia-before-biometric-visitor-system,hard,single_choice,scenario,,"A company plans to deploy a visitor-management system that collects facial images, government identification information, and visit history. Before selecting the vendor and finalizing the data flow, which activity best helps identify privacy risks and required safeguards?",A routine disk-capacity forecast,A privacy impact assessment,A denial-of-service stress test only,A source-code formatting review,B,"A privacy impact assessment examines the purpose, collection, processing, sharing, retention, risks, and safeguards associated with a proposed system.","Capacity forecasting does not evaluate collection necessity, privacy rights, sharing, or retention.","The assessment can shape data minimization, notice, consent, access, retention, vendor, and protection requirements before deployment.",Availability testing is useful but addresses only one technical concern.,Formatting review does not evaluate the system's personal-data lifecycle.,Privacy impact assessments|Biometrics|Data lifecycle|Privacy by design|Vendor selection,SRC-COMPTIA-SY0701-V6|SRC-NIST-PRIVACY-FRAMEWORK,CompTIA objective 5.4; NIST privacy risk assessment and system-design concepts.,2026-07-20,2026-07-20,2026-07-20,approved,initial-quality-review,,Automatically approved in the final accelerated-build batch. Future questions return to the normal draft and explicit-review workflow.
SEC701-0000149,SEC-701,CompTIA Security+,SY0-701,6.0,1,SEC701-BATCH-007,5.0,Security Program Management and Oversight,5.5,Explain types and purposes of audits and assessments.,Purple-team exercises,purple-team-collaborative-attack-defense-improvement,medium,single_choice,comparison,,"An offensive security team executes agreed attack techniques while defenders observe telemetry, test detections, and adjust controls during the same engagement. Both groups openly share methods and findings to improve security. Which type of activity is this?",An external compliance audit,A black-box assessment with no defender coordination,A purple-team exercise,A records-retention review,C,"Purple teaming emphasizes collaboration between offensive and defensive teams to validate and improve detection, prevention, and response capabilities.",A compliance audit evaluates requirements and evidence rather than collaboratively tuning attack detection.,"A black-box assessment limits knowledge and coordination, unlike the open collaboration described.",The offensive and defensive teams work together in real time to improve controls.,A retention review evaluates how long records are preserved and disposed.,Purple teams|Red teams|Blue teams|Detection validation|Collaborative testing,SRC-COMPTIA-SY0701-V6|SRC-NIST-SP800-115|SRC-NIST-SP800-61R3,CompTIA objective 5.5; collaborative security testing and response improvement.,2026-07-20,2026-07-20,2026-07-20,approved,initial-quality-review,,Automatically approved in the final accelerated-build batch. Future questions return to the normal draft and explicit-review workflow.
SEC701-0000150,SEC-701,CompTIA Security+,SY0-701,6.0,1,SEC701-BATCH-007,5.0,Security Program Management and Oversight,5.6,"Given a scenario, implement security awareness practices.",QR-code phishing awareness,unexpected-qr-code-verify-before-scanning,easy,single_choice,scenario,,An employee finds a printed notice near the office entrance claiming that everyone must scan a QR code immediately to keep building access active. The notice was not announced through normal company channels. What should the employee do?,Scan the code and enter credentials because the notice is inside the building,Photograph the code and post it publicly so coworkers can use it,Ask another employee to scan it first and report whether it works,"Avoid scanning it, verify the request through an approved company channel, and report the suspicious notice",D,Unexpected QR codes can conceal phishing destinations. Independent verification and reporting prevent the employee from trusting an unverified physical prompt.,Physical placement does not authenticate the notice or the destination encoded.,Sharing the code could expose additional employees to the same attack.,Using a coworker as a test victim does not safely validate the request.,The response verifies the business need without opening the unknown link and alerts security to a possible campaign.,QR phishing|Security awareness|Out-of-band verification|Suspicious reporting,SRC-COMPTIA-SY0701-V6|SRC-CISA-PHISHING,"CompTIA objective 5.6; phishing recognition, verification, and reporting guidance.",2026-07-20,2026-07-20,2026-07-20,approved,initial-quality-review,,Automatically approved in the final accelerated-build batch. Future questions return to the normal draft and explicit-review workflow.
SEC701-0000151,SEC-701,CompTIA Security+,SY0-701,6.0,1,SEC701-BATCH-008,1.0,General Security Concepts,1.1,Compare and contrast various types of security controls.,Deterrent controls,login-warning-banner-functional-deterrent,easy,single_choice,direct,,"Before login, a system displays an authorized-use warning stating that activity is monitored and unauthorized access may result in disciplinary or legal action. Which functional control type is the banner primarily?",Corrective,Detective,Deterrent,Compensating,C,"The warning is intended to discourage unauthorized behavior by making the monitoring and possible consequences clear, so its primary function is deterrence.",A corrective control restores or repairs conditions after an event.,A detective control identifies or reports activity. The banner itself does not perform the monitoring it describes.,The notice seeks to discourage misuse before it occurs by communicating that activity is monitored and consequences may follow.,A compensating control provides comparable protection when a required primary control cannot be implemented.,Security control functions|Deterrent controls|Login banners|Control classification,SRC-COMPTIA-SY0701-V6|SRC-NIST-SP800-53R5,CompTIA objective 1.1; NIST system-use notification control concepts.,2026-07-25,2026-07-25,2026-07-25,approved,initial-quality-review,,"Approved during the staging-review workflow. Questions are tested on the staging site before production deployment, and issues may be submitted through the question-reporting feature."
SEC701-0000152,SEC-701,CompTIA Security+,SY0-701,6.0,1,SEC701-BATCH-008,1.0,General Security Concepts,1.3,Explain the importance of change management processes and the impact to security.,Standard changes,preauthorized-repeatable-low-risk-standard-change,medium,single_choice,scenario,,"A network team repeatedly applies the same tested low-risk firewall update using a documented script, validation checklist, and rollback procedure. Which change-management approach can reduce unnecessary approval delay while preserving control?",Define it as a preauthorized standard change with documented conditions and periodic review,Treat every occurrence as an undocumented emergency change,Allow any administrator to apply it without recording the result,Remove the firewall from configuration management,A,"A standard change is repeatable, understood, low risk, documented, and preauthorized under defined conditions. Periodic review confirms that it continues to meet those conditions.",The repeatable tested procedure and low-risk profile support a controlled preauthorization process.,Emergency handling is intended for urgent exceptional situations and still requires records and retrospective review.,"Unrecorded changes weaken accountability, validation, and configuration history.",Removing the device from configuration management creates drift and does not improve the change process.,Standard changes|Preauthorization|Change records|Rollback|Periodic review,SRC-COMPTIA-SY0701-V6|SRC-NIST-SP800-128,CompTIA objective 1.3; security-focused configuration and change control.,2026-07-25,2026-07-25,2026-07-25,approved,initial-quality-review,,"Approved during the staging-review workflow. Questions are tested on the staging site before production deployment, and issues may be submitted through the question-reporting feature."
SEC701-0000153,SEC-701,CompTIA Security+,SY0-701,6.0,1,SEC701-BATCH-008,1.0,General Security Concepts,1.4,Explain the importance of using appropriate cryptographic solutions.,Cryptographic key recovery,enterprise-key-escrow-dual-control-recovery,hard,single_choice,scenario,,"Executives use organization-issued laptops with full-disk encryption. The company must be able to recover business data when an employee is unavailable, while preventing a single administrator from quietly retrieving recovery material. Which design best meets the requirement?",Store each recovery key in a text file on the encrypted laptop,Use the employee's ordinary sign-in password as the recovery key,Disable encryption whenever the employee travels,"Place organization-controlled recovery keys in a protected escrow service with dual authorization, access logging, and periodic testing",D,"A controlled key-escrow process preserves authorized recovery while dual authorization, auditing, and testing reduce misuse and recovery failure risk.",A recovery key stored only on the encrypted device may be unavailable when it is needed.,Reusing an ordinary password weakens separation between routine authentication and emergency data recovery.,Disabling encryption exposes data and avoids rather than solves key management.,"Protected escrow provides recoverability, while dual control and logging reduce the chance of unobserved key access.",Key escrow|Key recovery|Dual control|Cryptographic key management|Audit logging,SRC-COMPTIA-SY0701-V6|SRC-NIST-SP800-57P1R5,"CompTIA objective 1.4; NIST key recovery, backup, access, and lifecycle guidance.",2026-07-25,2026-07-25,2026-07-25,approved,initial-quality-review,,"Approved during the staging-review workflow. Questions are tested on the staging site before production deployment, and issues may be submitted through the question-reporting feature."
SEC701-0000154,SEC-701,CompTIA Security+,SY0-701,6.0,1,SEC701-BATCH-008,2.0,"Threats, Vulnerabilities, and Mitigations",2.1,Compare and contrast common threat actors and motivations.,Unintentional insider threats,employee-personal-cloud-storage-unintentional-insider,medium,single_choice,scenario,,An employee uploads internal files to a personal cloud-storage account to work from home more conveniently. The employee does not intend to harm the company but bypasses approved handling requirements and exposes the data. Which threat-actor category best fits the situation?,Nation-state actor,Unintentional insider,Organized crime group,Hacktivist,B,"The employee has legitimate access and creates risk through an unauthorized but nonmalicious action, which is an unintentional insider threat.",A nation-state actor operates on behalf of national strategic objectives.,"The employee is inside the organization and causes exposure through convenience, negligence, or policy bypass rather than malicious intent.",Organized crime generally conducts coordinated activity for financial gain.,"Hacktivists act to advance political, social, or ideological causes.",Insider threats|Unintentional insiders|Shadow IT|Data handling|Policy violations,SRC-COMPTIA-SY0701-V6|SRC-CISA-INSIDER-THREAT,CompTIA objective 2.1; CISA insider-threat mitigation concepts.,2026-07-25,2026-07-25,2026-07-25,approved,initial-quality-review,,"Approved during the staging-review workflow. Questions are tested on the staging site before production deployment, and issues may be submitted through the question-reporting feature."
SEC701-0000155,SEC-701,CompTIA Security+,SY0-701,6.0,1,SEC701-BATCH-008,2.0,"Threats, Vulnerabilities, and Mitigations",2.2,Explain common threat vectors and attack surfaces.,Typosquatting,misspelled-payroll-domain-credential-harvest,easy,single_choice,scenario,,An attacker registers a domain with a one-character misspelling of a company's real payroll domain and hosts a convincing sign-in page to capture employees' credentials. Which technique is being used?,Watering-hole attack,Password spraying,Removable-media baiting,Typosquatting,D,Typosquatting uses a lookalike or commonly mistyped domain to attract users who believe they are visiting the legitimate site.,A watering-hole attack compromises a site already frequented by the target population.,Password spraying tries a small set of common passwords across many accounts.,Removable-media baiting relies on devices such as planted USB drives.,The attacker relies on a nearly identical misspelled domain to deceive users.,Typosquatting|Lookalike domains|Credential phishing|Attack vectors,SRC-COMPTIA-SY0701-V6|SRC-CISA-PHISHING,CompTIA objective 2.2; phishing-domain recognition concepts.,2026-07-25,2026-07-25,2026-07-25,approved,initial-quality-review,,"Approved during the staging-review workflow. Questions are tested on the staging site before production deployment, and issues may be submitted through the question-reporting feature."
SEC701-0000156,SEC-701,CompTIA Security+,SY0-701,6.0,1,SEC701-BATCH-008,2.0,"Threats, Vulnerabilities, and Mitigations",2.3,Explain various types of vulnerabilities.,Buffer overflow,unchecked-input-copy-overwrites-memory-buffer,medium,single_choice,scenario,,A legacy service copies user input into a fixed 128-byte memory area without checking the input length. A longer request crashes the service and can overwrite adjacent control data. Which vulnerability is present?,Buffer overflow,Cross-site request forgery,Directory traversal,Race condition,A,"The service writes more data than the destination buffer can hold, which can corrupt adjacent memory and potentially alter execution.","The unchecked copy exceeds the fixed buffer's boundary, which is the classic buffer-overflow condition.",CSRF causes a victim's authenticated browser to submit an unwanted request.,Directory traversal manipulates path elements to reach files outside an intended directory.,A race condition depends on timing or ordering between operations.,Buffer overflow|Bounds checking|Memory corruption|Application vulnerabilities,SRC-COMPTIA-SY0701-V6|SRC-MITRE-CWE120,CompTIA objective 2.3; MITRE CWE-120.,2026-07-25,2026-07-25,2026-07-25,approved,initial-quality-review,,"Approved during the staging-review workflow. Questions are tested on the staging site before production deployment, and issues may be submitted through the question-reporting feature."
SEC701-0000157,SEC-701,CompTIA Security+,SY0-701,6.0,1,SEC701-BATCH-008,2.0,"Threats, Vulnerabilities, and Mitigations",2.4,"Given a scenario, analyze indicators of malicious activity.",Compute hijacking indicators,cryptominer-high-cpu-mining-pool-connections,medium,single_choice,scenario,,A cloud virtual machine shows sustained near-maximum CPU use outside business hours. Investigators find an unfamiliar mining process and repeated outbound connections to cryptocurrency mining-pool infrastructure. Which malicious activity is most strongly indicated?,Credential stuffing,Data destruction,Compute hijacking for cryptomining,ARP poisoning,C,"An attacker is consuming the victim's computing resources to perform cryptocurrency mining, which is compute hijacking.",Credential stuffing reuses stolen credential pairs against sign-in services.,Data destruction removes or corrupts information rather than consuming resources for mining.,"The mining process, sustained CPU demand, and mining-pool communication form a consistent compute-hijacking pattern.",ARP poisoning manipulates local address-resolution mappings to redirect traffic.,Compute hijacking|Cryptomining|Resource utilization|Cloud indicators|Mining pools,SRC-COMPTIA-SY0701-V6|SRC-MITRE-T1496-001,CompTIA objective 2.4; MITRE ATT&CK T1496.001.,2026-07-25,2026-07-25,2026-07-25,approved,initial-quality-review,,"Approved during the staging-review workflow. Questions are tested on the staging site before production deployment, and issues may be submitted through the question-reporting feature."
SEC701-0000158,SEC-701,CompTIA Security+,SY0-701,6.0,2,SEC701-BATCH-008,2.0,"Threats, Vulnerabilities, and Mitigations",2.5,Explain the purpose of mitigation techniques used to secure the enterprise.,Egress filtering,default-deny-egress-approved-destinations-protocols,hard,single_choice,scenario,,An organization already blocks unsolicited inbound Internet traffic. Malware on a compromised endpoint can still create outbound command channels over arbitrary TCP ports and send data to newly registered domains. Which mitigation most directly limits this behavior?,Encrypt endpoint drives while leaving outbound network policy unchanged,"Allow outbound traffic only through approved destinations and services, and alert on denials",Retain authentication logs longer without restricting outbound connections,Require device authentication before allowing otherwise unrestricted outbound traffic,B,Restrictive egress policy limits command-and-control and exfiltration destinations and provides visibility into rejected attempts.,Disk encryption protects data at rest but does not restrict active outbound communication.,The policy directly constrains where compromised systems can connect and which services they may use.,Longer log retention supports investigation but does not block arbitrary outbound traffic.,"Device authentication is useful, but a trusted device can still run compromised software and contact unauthorized destinations.",Egress filtering|Default deny|Command and control|Data exfiltration|Outbound proxies,SRC-COMPTIA-SY0701-V6|SRC-NIST-SP800-41R1|SRC-NIST-SP800-53R5,CompTIA objective 2.5; NIST firewall and information-flow enforcement guidance.,2026-07-25,2026-07-27,2026-07-27,approved,terminology-and-answer-balance-audit,,"Approved during the staging-review workflow. Questions are tested on the staging site before production deployment, and issues may be submitted through the question-reporting feature. Revised during the Security+ terminology and answer-choice length audit."
SEC701-0000159,SEC-701,CompTIA Security+,SY0-701,6.0,1,SEC701-BATCH-008,3.0,Security Architecture,3.1,Compare and contrast security implications of different architecture models.,Virtual machine escape,guest-exploit-crosses-hypervisor-boundary,hard,single_choice,comparison,,Code running inside one virtual machine exploits a flaw in the virtualization layer and gains access to the hypervisor and memory belonging to another guest. Which virtualization risk is demonstrated?,Data remanence,Container image drift,Cold-site recovery,Virtual machine escape,D,"A VM escape crosses the isolation boundary from a guest into the hypervisor or other guests, potentially expanding one workload compromise to the host.",Data remanence is residual information that remains after attempted deletion or sanitization.,Image drift is deviation between deployed container state and an approved image.,A cold site is an alternate recovery facility.,The exploit escapes the guest boundary and reaches the virtualization platform and another guest.,Virtualization|VM escape|Hypervisors|Guest isolation|Shared infrastructure,SRC-COMPTIA-SY0701-V6|SRC-NIST-SP800-125,CompTIA objective 3.1; NIST virtualization security concerns.,2026-07-25,2026-07-25,2026-07-25,approved,initial-quality-review,,"Approved during the staging-review workflow. Questions are tested on the staging site before production deployment, and issues may be submitted through the question-reporting feature."
SEC701-0000160,SEC-701,CompTIA Security+,SY0-701,6.0,1,SEC701-BATCH-008,3.0,Security Architecture,3.2,"Given a scenario, apply security principles to secure enterprise infrastructure.",Full-tunnel remote access,disable-split-tunneling-force-enterprise-inspection,medium,single_choice,comparison,,"Remote employees connect to the corporate VPN, but their ordinary Internet traffic continues to exit directly through hotel and home networks. The organization wants all traffic from connected devices to pass through enterprise inspection controls and wants to remove the simultaneous local and corporate network path. Which configuration best meets the requirement?",Use full-tunnel VPN access and disable split tunneling,Keep split tunneling and disable endpoint firewalls,Replace the VPN with public file-sharing links,Permit direct Internet access only when users have local administrator rights,A,"A full tunnel routes the connected device's network traffic through the enterprise VPN path, where organizational filtering and monitoring can be applied.",The full tunnel removes the direct local Internet path during the session and sends traffic through enterprise controls.,"Split tunneling preserves simultaneous paths, and disabling endpoint firewalls weakens the device further.",Public file-sharing links do not provide protected enterprise network access.,Local administrator rights do not make an untrusted network path safe.,Remote access|Full-tunnel VPN|Split tunneling|Traffic inspection|Telework security,SRC-COMPTIA-SY0701-V6|SRC-NIST-SP800-46R2|SRC-NIST-SP800-207,CompTIA objective 3.2; NIST remote-access and Zero Trust guidance.,2026-07-25,2026-07-25,2026-07-25,approved,initial-quality-review,,"Approved during the staging-review workflow. Questions are tested on the staging site before production deployment, and issues may be submitted through the question-reporting feature."
SEC701-0000161,SEC-701,CompTIA Security+,SY0-701,6.0,1,SEC701-BATCH-008,3.0,Security Architecture,3.3,Compare and contrast concepts and strategies to protect data.,Encryption-key separation,encrypted-backup-key-separate-kms-access,medium,single_choice,scenario,,"A company encrypts backups before uploading them to cloud storage, but the decryption key is stored in a file in the same storage account with the same administrator permissions. Which improvement most directly strengthens the design?",Compress the backups before encryption,"Store the key in a separately controlled key-management service with narrow access, rotation, auditing, and tested recovery",Rename the key file so its purpose is less obvious,Make the cloud storage account publicly readable for easier recovery,B,Separating key control from ciphertext storage reduces the chance that one compromised account exposes both the encrypted data and the key needed to read it.,Compression may reduce size but does not improve separation or access control.,"Separate administration, limited key access, auditing, and recovery testing strengthen key management.",Obscuring a filename is not a security boundary.,Public access would increase exposure of the backups.,Encryption at rest|Key separation|Key-management services|Backups|Access control,SRC-COMPTIA-SY0701-V6|SRC-NIST-SP800-57P1R5|SRC-NIST-SP800-53R5,CompTIA objective 3.3; NIST key protection and separation-of-duty guidance.,2026-07-25,2026-07-25,2026-07-25,approved,initial-quality-review,,"Approved during the staging-review workflow. Questions are tested on the staging site before production deployment, and issues may be submitted through the question-reporting feature."
SEC701-0000162,SEC-701,CompTIA Security+,SY0-701,6.0,1,SEC701-BATCH-008,3.0,Security Architecture,3.4,Explain the importance of resilience and recovery in security architecture.,Geographic diversity,recovery-site-different-hazard-region,easy,single_choice,scenario,,A primary data center and its recovery site are in different buildings but within the same floodplain and regional power grid. Which improvement most directly reduces the chance that one regional event disables both sites?,Use the same telecommunications carrier at both buildings,Store all backup copies at the primary site,Place the recovery capability in a geographically distinct hazard region,Schedule both sites to perform maintenance at the same time,C,"Geographic diversity reduces correlated exposure to regional hazards such as flooding, grid outages, transportation disruption, and severe weather.",A shared carrier can create another common dependency.,Keeping every backup at the primary site does not protect against a site-wide or regional event.,A different hazard region reduces the probability that the same event affects both processing locations.,Simultaneous maintenance can reduce resilience rather than improve it.,Geographic diversity|Recovery sites|Correlated risk|Regional hazards|Resilience,SRC-COMPTIA-SY0701-V6|SRC-NIST-SP800-34R1,CompTIA objective 3.4; NIST alternate-site and contingency planning guidance.,2026-07-25,2026-07-25,2026-07-25,approved,initial-quality-review,,"Approved during the staging-review workflow. Questions are tested on the staging site before production deployment, and issues may be submitted through the question-reporting feature."
SEC701-0000163,SEC-701,CompTIA Security+,SY0-701,6.0,1,SEC701-BATCH-008,4.0,Security Operations,4.1,"Given a scenario, apply common security techniques to computing resources.",Firmware boot hardening,firmware-password-disable-external-boot-secure-boot,medium,single_choice,scenario,,"A public kiosk can be restarted from an unauthorized USB device, allowing someone with physical access to bypass the installed operating system. Which hardening action best addresses this boot-path risk?",Increase the kiosk application's session timeout,Enable browser pop-up blocking,Store more operating-system logs on the local drive,"Protect firmware settings, disable unauthorized external boot options, and enforce Secure Boot",D,"Firmware access protection, restricted boot devices, and signed boot verification prevent an attacker from selecting an unapproved startup path.",An application timeout does not control firmware or boot-device selection.,Pop-up blocking affects browser content rather than system startup.,Additional local logs do not prevent booting an alternate operating system.,The controls directly protect the firmware configuration and startup trust chain.,Firmware security|Boot order|External media|Secure Boot|Kiosk hardening,SRC-COMPTIA-SY0701-V6|SRC-NIST-SP800-193|SRC-NIST-SP800-53R5,CompTIA objective 4.1; NIST platform firmware resiliency guidance.,2026-07-25,2026-07-25,2026-07-25,approved,initial-quality-review,,"Approved during the staging-review workflow. Questions are tested on the staging site before production deployment, and issues may be submitted through the question-reporting feature."
SEC701-0000164,SEC-701,CompTIA Security+,SY0-701,6.0,2,SEC701-BATCH-008,4.0,Security Operations,4.2,"Explain the security implications of proper hardware, software, and data asset management.",Sensitive-data inventory,discover-map-sensitive-data-repositories-flows,medium,single_choice,scenario,,"A company cannot answer where customer identification data is stored, which applications copy it, or which teams are responsible for those repositories. Which asset-management action should be prioritized?","Build a maintained data inventory and flow map with locations, classifications, and owners",Delete application logs so storage systems are easier to search,Assign every repository the same public classification,Wait for a breach to reveal which systems contain the information,A,"A maintained inventory and flow map establish where sensitive data resides, how it moves, and who is accountable for it.","The inventory provides the missing location, classification, ownership, and transfer visibility.",Deleting logs removes useful evidence and does not identify sensitive data.,A public classification would ignore the sensitivity of customer identification information.,Data visibility should be established proactively rather than after an incident.,Data inventory|Data discovery|Data flows|Classification|Ownership,SRC-COMPTIA-SY0701-V6|SRC-NIST-PRIVACY-FRAMEWORK|SRC-NIST-SP800-53R5,CompTIA objective 4.2; NIST inventory and privacy data-processing guidance.,2026-07-25,2026-07-27,2026-07-27,approved,terminology-and-answer-balance-audit,,"Approved during the staging-review workflow. Questions are tested on the staging site before production deployment, and issues may be submitted through the question-reporting feature. Revised during the Security+ terminology and answer-choice length audit."
SEC701-0000165,SEC-701,CompTIA Security+,SY0-701,6.0,2,SEC701-BATCH-008,4.0,Security Operations,4.3,Explain various activities associated with vulnerability management.,OT vulnerability assessment safety,passive-first-vendor-approved-ot-scanning,hard,single_choice,scenario,,A manufacturing plant has older programmable controllers that may become unstable when actively scanned. OT owners permit passive collection during production and vendor-approved active checks during controlled maintenance. Which assessment approach best follows those constraints?,Run aggressive unauthenticated scans during peak production without notice,Exclude the OT environment permanently from vulnerability management,Use passive discovery now and approved active checks during maintenance,Install untested scanner agents on every controller immediately,C,The passive-first approach provides visibility during production and reserves approved active testing for a controlled period that reduces safety and availability risk.,Aggressive unscheduled scans can disrupt sensitive controllers and production.,Permanent exclusion leaves vulnerabilities unmanaged and undocumented.,"The approach follows the stated safety, owner, vendor, and maintenance constraints.",Untested agents may be unsupported and could impair controller operation.,OT vulnerability management|Passive discovery|Maintenance windows|Safety|Vendor guidance,SRC-COMPTIA-SY0701-V6|SRC-NIST-SP800-82R3|SRC-NIST-SP800-115,CompTIA objective 4.3; NIST OT and security-assessment guidance.,2026-07-25,2026-07-27,2026-07-27,approved,terminology-and-answer-balance-audit,,"Approved during the staging-review workflow. Questions are tested on the staging site before production deployment, and issues may be submitted through the question-reporting feature. Revised during the Security+ terminology and answer-choice length audit."
SEC701-0000166,SEC-701,CompTIA Security+,SY0-701,6.0,2,SEC701-BATCH-008,4.0,Security Operations,4.6,"Given a scenario, implement and maintain identity and access management.",Just-in-time privileged access,jit-pam-approved-temporary-database-role,hard,single_choice,scenario,,"Database engineers need administrative rights only during approved maintenance. The organization wants to eliminate standing privilege, require authorization, record the session, and remove access automatically after the work window. Which IAM design best meets the requirement?",Assign permanent administrator roles with MFA and quarterly access reviews,"Grant approved, time-limited access through PAM and record the privileged session",Share one database administrator password among all engineers,Allow engineers to elevate themselves without recording the request,B,"PAM can grant elevated rights only for the approved work window, record the session, and remove access automatically.","MFA and review improve standing access, but the engineers would retain privilege outside approved maintenance windows.","The design provides authorization, limited duration, accountability, and automatic removal.","A shared password weakens attribution, revocation, and credential hygiene.",Unrecorded self-elevation bypasses approval and accountability.,Privileged access management|Just-in-time access|Temporary credentials|Session recording,SRC-COMPTIA-SY0701-V6|SRC-NIST-SP800-53R5|SRC-NIST-SP800-207,CompTIA objective 4.6; NIST least-privilege and dynamic-access concepts.,2026-07-25,2026-07-27,2026-07-27,approved,terminology-and-answer-balance-audit,,"Approved during the staging-review workflow. Questions are tested on the staging site before production deployment, and issues may be submitted through the question-reporting feature. Revised during the Security+ terminology and answer-choice length audit."
SEC701-0000167,SEC-701,CompTIA Security+,SY0-701,6.0,2,SEC701-BATCH-008,4.0,Security Operations,4.7,Explain the importance of automation and orchestration related to secure operations.,Certificate lifecycle automation,automated-certificate-renewal-validation-alerting,medium,single_choice,scenario,,"An organization manages hundreds of TLS certificates, and manual tracking has caused service outages when certificates expire. Which automation design best improves security and reliability?",Use one long-lived private key and certificate on every service,Disable certificate validation so expiration no longer interrupts users,Track expiration centrally and send reminders for manual renewal and deployment,"Use a central inventory with automated renewal, deployment checks, and failure alerts",D,"Central lifecycle automation reduces missed renewals and verifies that the new certificate was deployed successfully, while alerting on failures.",Reusing one long-lived key expands the impact of compromise and weakens separation.,Disabling validation removes an important trust and integrity check.,"Central reminders are better than personal calendars, but manual renewal and deployment can still be missed or performed incorrectly.",The design automates renewal and verifies the result while preserving centralized visibility.,Certificate automation|PKI lifecycle|Renewal|Validation|Failure alerting|Key protection,SRC-COMPTIA-SY0701-V6|SRC-NIST-SP800-57P1R5|SRC-NIST-SP800-53R5,CompTIA objective 4.7; NIST key and certificate lifecycle concepts.,2026-07-25,2026-07-27,2026-07-27,approved,terminology-and-answer-balance-audit,,"Approved during the staging-review workflow. Questions are tested on the staging site before production deployment, and issues may be submitted through the question-reporting feature. Revised during the Security+ terminology and answer-choice length audit."
SEC701-0000168,SEC-701,CompTIA Security+,SY0-701,6.0,2,SEC701-BATCH-008,4.0,Security Operations,4.8,Explain appropriate incident response activities.,Lessons learned,post-incident-lessons-learned-action-owners,easy,single_choice,scenario,,"A phishing incident has been contained, eradicated, and recovered. Which activity is most appropriate for the post-incident lessons-learned process?","Review the timeline and root cause, assign improvements, and update plans and training",Archive the records and close the case once service is restored,Reconnect systems before validating eradication and recovery,Focus only on individual mistakes and avoid process changes,A,"Lessons learned converts incident experience into assigned improvements to controls, procedures, communication, and training.","The review identifies what happened, why it happened, and who owns the resulting improvements.",Closing the case without evaluating performance misses the opportunity to improve.,Validation should occur before restoration is considered complete.,A useful review considers process and control weaknesses rather than only individual blame.,Lessons learned|Post-incident review|Root cause|Corrective actions|Playbook updates,SRC-COMPTIA-SY0701-V6|SRC-NIST-SP800-61R3,CompTIA objective 4.8; NIST incident-response improvement activities.,2026-07-25,2026-07-27,2026-07-27,approved,terminology-and-answer-balance-audit,,"Approved during the staging-review workflow. Questions are tested on the staging site before production deployment, and issues may be submitted through the question-reporting feature. Revised during the Security+ terminology and answer-choice length audit."
SEC701-0000169,SEC-701,CompTIA Security+,SY0-701,6.0,1,SEC701-BATCH-008,4.0,Security Operations,4.9,"Given a scenario, use data sources to support an investigation.",Cloud control-plane audit logs,cloud-audit-log-who-changed-firewall-source-ip,medium,single_choice,scenario,,"A cloud firewall rule was changed to allow public administrative access. An investigator needs to determine which identity made the API request, when it occurred, the source address, and the original request parameters. Which data source is most directly useful?",A workstation disk-health report,A public DNS zone file,The cloud provider's control-plane audit log,A building access-control roster,C,"Cloud control-plane audit logs record administrative API activity and typically include the acting identity, timestamp, source context, requested operation, and affected resource.",Disk-health information does not describe cloud administrative API actions.,A DNS zone file contains name records rather than firewall-change history.,The audit log directly records the management-plane action and its context.,Physical access records do not identify which cloud identity submitted the API request.,Cloud audit logs|Control plane|API activity|Identity attribution|Investigation data sources,SRC-COMPTIA-SY0701-V6|SRC-NIST-SP800-92|SRC-NIST-SP800-53R5,CompTIA objective 4.9; NIST audit and log-management guidance.,2026-07-25,2026-07-25,2026-07-25,approved,initial-quality-review,,"Approved during the staging-review workflow. Questions are tested on the staging site before production deployment, and issues may be submitted through the question-reporting feature."
SEC701-0000170,SEC-701,CompTIA Security+,SY0-701,6.0,1,SEC701-BATCH-008,5.0,Security Program Management and Oversight,5.1,Summarize elements of effective security governance.,Procedures,step-by-step-server-recovery-procedure,easy,single_choice,direct,,"Which governance document provides detailed step-by-step instructions for rebuilding a server from an approved image, restoring data, validating the service, and recording completion?",Policy,Procedure,Guideline,Risk appetite statement,B,A procedure describes the specific ordered actions used to complete an operational task.,A policy states management intent and broad requirements rather than detailed execution steps.,"The ordered rebuild, restore, validation, and documentation instructions are a procedure.",A guideline provides recommended flexibility rather than mandatory step-by-step directions.,Risk appetite describes the broad amount and type of risk an organization is willing to pursue or retain.,Policies|Standards|Procedures|Guidelines|Governance documents,SRC-COMPTIA-SY0701-V6|SRC-NIST-CSF2|SRC-NIST-SP800-53R5,CompTIA objective 5.1; governance documentation and responsibility concepts.,2026-07-25,2026-07-25,2026-07-25,approved,initial-quality-review,,"Approved during the staging-review workflow. Questions are tested on the staging site before production deployment, and issues may be submitted through the question-reporting feature."
SEC701-0000171,SEC-701,CompTIA Security+,SY0-701,6.0,1,SEC701-BATCH-008,5.0,Security Program Management and Oversight,5.2,Explain elements of the risk management process.,Risk registers,risk-register-owner-likelihood-impact-treatment-status,medium,single_choice,direct,,"Which record is designed to track identified risks together with their owners, likelihood, impact, selected treatment, target dates, and current status?",Certificate revocation list,Software bill of materials,Chain-of-custody form,Risk register,D,"A risk register is the maintained record used to document, assign, evaluate, treat, track, and report organizational risks.",A certificate revocation list identifies certificates that should no longer be trusted.,An SBOM inventories software components and dependencies.,A chain-of-custody form records possession and transfer of evidence.,The listed fields are core risk-tracking and accountability information.,Risk registers|Risk owners|Likelihood|Impact|Treatment|Status tracking,SRC-COMPTIA-SY0701-V6|SRC-NIST-SP800-30R1|SRC-NIST-IR8286A-R1,CompTIA objective 5.2; NIST enterprise risk identification and tracking concepts.,2026-07-25,2026-07-25,2026-07-25,approved,initial-quality-review,,"Approved during the staging-review workflow. Questions are tested on the staging site before production deployment, and issues may be submitted through the question-reporting feature."
SEC701-0000172,SEC-701,CompTIA Security+,SY0-701,6.0,2,SEC701-BATCH-008,5.0,Security Program Management and Oversight,5.3,Explain the processes associated with third-party risk assessment and management.,Vendor subcontractor risk,saas-subcontractor-control-dependency-risk,hard,single_choice,scenario,,A SaaS provider meets the customer's security requirements but relies on an unrelated subcontractor to process and back up the customer's regulated data. The customer has no direct contract with that subcontractor. Which issue should the customer address during due diligence?,"The subcontractor's security controls, location, continuity, and data handling",Employees viewing records at the customer's reception desk,Password attacks against the SaaS provider's public sign-in page,Residual data on the customer's retired office equipment,A,"The direct provider's critical subcontractor extends the supply chain and can affect the customer's data, compliance, and continuity. This is often described as fourth-party risk.",The subcontractor processes regulated data and therefore requires indirect assurance through the provider's oversight and contract.,Reception-area observation is unrelated to the provider's subcontracted processing.,"Authentication attacks matter, but the scenario specifically highlights an unmanaged supplier dependency.",Customer equipment disposal does not address the subcontractor handling cloud data.,Subcontractors|Supplier dependencies|Data processing|Due diligence|Fourth-party risk,SRC-COMPTIA-SY0701-V6|SRC-NIST-SP800-161R1,CompTIA objective 5.3; NIST supply-chain dependency and supplier-risk guidance.,2026-07-25,2026-07-27,2026-07-27,approved,terminology-and-answer-balance-audit,,"Approved during the staging-review workflow. Questions are tested on the staging site before production deployment, and issues may be submitted through the question-reporting feature. Revised during the Security+ terminology and answer-choice length audit."
SEC701-0000173,SEC-701,CompTIA Security+,SY0-701,6.0,2,SEC701-BATCH-008,5.0,Security Program Management and Oversight,5.4,Summarize elements of effective security compliance.,Privacy rights requests,verified-data-subject-request-tracked-response,medium,single_choice,scenario,,A verified customer asks for a copy of personal information held about the customer and correction of an inaccurate address. The company has a documented privacy-request workflow that tracks deadlines and coordinates applicable retention requirements. Which response is most appropriate?,Send every internal record associated with the name without reviewing the request scope,Delay action until the customer files a formal complaint or lawsuit,"Use the workflow to locate the data, provide the authorized copy, and correct the address","Delete all customer records, including records subject to required retention",C,"The documented workflow supports complete data discovery, authorized disclosure, accurate correction, deadline tracking, and required retention constraints.",Unreviewed disclosure can expose other people's information or data outside the validated request.,A verified request should be handled through the established privacy process.,The response fulfills the access and correction request using the governed workflow.,An access or correction request does not justify deleting records that must be retained.,Privacy requests|Data access|Data correction|Identity verification|Retention constraints,SRC-COMPTIA-SY0701-V6|SRC-NIST-PRIVACY-FRAMEWORK|SRC-NIST-SP800-53R5,CompTIA objective 5.4; privacy governance and data-processing concepts.,2026-07-25,2026-07-27,2026-07-27,approved,terminology-and-answer-balance-audit,,"Approved during the staging-review workflow. Questions are tested on the staging site before production deployment, and issues may be submitted through the question-reporting feature. Revised during the Security+ terminology and answer-choice length audit."
SEC701-0000174,SEC-701,CompTIA Security+,SY0-701,6.0,2,SEC701-BATCH-008,5.0,Security Program Management and Oversight,5.6,"Given a scenario, implement security awareness practices.",Clean-desk practices,printed-payroll-record-locked-storage-shredding,easy,single_choice,scenario,,An employee is leaving for the day and has a printed payroll report containing sensitive employee information on the desk. What should the employee do?,Turn the report face down and leave it on the desk,Lock it in approved storage or place it in a secure shredding bin,Move it to an unlocked conference room,Take it home for safekeeping without authorization,B,"Locked storage protects records that remain necessary, while approved shredding protects records that should be disposed of.",Turning the report over does not prevent someone from picking it up or reading it.,The action follows clean-desk and secure-disposal practices for sensitive printed information.,An unlocked room remains accessible to unauthorized people.,Removing the report without authorization creates another handling and accountability risk.,Clean desk|Printed records|Locked storage|Secure disposal|Security awareness,SRC-COMPTIA-SY0701-V6|SRC-NIST-SP800-53R5,"CompTIA objective 5.6; awareness, media handling, and physical protection concepts.",2026-07-25,2026-07-27,2026-07-27,approved,terminology-and-answer-balance-audit,,"Approved during the staging-review workflow. Questions are tested on the staging site before production deployment, and issues may be submitted through the question-reporting feature. Revised during the Security+ terminology and answer-choice length audit."
SEC701-0000175,SEC-701,CompTIA Security+,SY0-701,6.0,1,SEC701-BATCH-009,1.0,General Security Concepts,1.1,Compare and contrast various types of security controls.,Corrective technical controls,automatic-file-restoration-technical-corrective-control,easy,single_choice,direct,,"After a file-integrity agent detects an unauthorized configuration change, it automatically restores the approved file from a protected copy. How should the automatic restoration action be classified?",Managerial directive control,Physical deterrent control,Technical corrective control,Operational detective control,C,The restoration is performed by technology and corrects an unauthorized change by returning the file to its approved state.,A managerial directive control communicates management expectations through policies or instructions.,A physical deterrent control uses a tangible measure to discourage an event.,"The agent automatically repairs the affected configuration, making the action technical and corrective.","Detection occurred first, but the action being classified is the automated restoration rather than the alert.",Security control categories|Corrective controls|Technical controls|File integrity,SRC-COMPTIA-SY0701-V6|SRC-NIST-SP800-53R5,CompTIA objective 1.1; NIST system-integrity and automated-response controls.,2026-07-26,2026-07-26,2026-07-26,approved,initial-quality-review,,"Approved during the staging-review workflow. Questions are tested on the staging site before production deployment, and issues may be submitted through the question-reporting feature."
SEC701-0000176,SEC-701,CompTIA Security+,SY0-701,6.0,1,SEC701-BATCH-009,1.0,General Security Concepts,1.2,Summarize fundamental security concepts.,Separation of duties,separate-firewall-request-approval-implementation,medium,single_choice,scenario,,"One administrator requests a firewall change, a different manager approves it, and another administrator implements it. Which fundamental security concept is most directly demonstrated?",Separation of duties,Data minimization,Non-repudiation,Obfuscation,A,"Separation of duties divides a sensitive process among multiple people so one individual cannot request, approve, and implement the change alone.","The responsibilities are intentionally split across request, approval, and implementation roles.",Data minimization limits collection or processing of information.,Non-repudiation provides evidence that an action can be attributed to a party.,Obfuscation makes information or code harder to understand without dividing authority.,Separation of duties|Least privilege|Change authorization|Fraud reduction,SRC-COMPTIA-SY0701-V6|SRC-NIST-SP800-53R5,CompTIA objective 1.2; NIST separation-of-duty control concepts.,2026-07-26,2026-07-26,2026-07-26,approved,initial-quality-review,,"Approved during the staging-review workflow. Questions are tested on the staging site before production deployment, and issues may be submitted through the question-reporting feature."
SEC701-0000177,SEC-701,CompTIA Security+,SY0-701,6.0,1,SEC701-BATCH-009,1.0,General Security Concepts,1.3,Explain the importance of change management processes and the impact to security.,Change freezes,peak-sales-change-freeze-reduces-operational-risk,medium,single_choice,scenario,,An online retailer permits only approved emergency changes during its highest-volume sales week. Routine feature and infrastructure changes are scheduled after the event. What is the primary security and operational purpose of this change freeze?,To eliminate the need for configuration records,To let administrators bypass testing when demand is high,To prevent security teams from monitoring production systems,To reduce the chance that nonessential changes introduce instability or weaken controls during a critical business period,D,"A change freeze limits avoidable production risk when availability and predictability are especially important, while still allowing controlled emergency work.",Approved emergency changes still require records and accountability.,High demand increases the need for testing and controlled implementation.,Monitoring remains necessary during a critical period.,"Deferring routine changes reduces the risk of outages, misconfiguration, and unexpected control impact.",Change freezes|Critical business periods|Emergency changes|Operational risk,SRC-COMPTIA-SY0701-V6|SRC-NIST-SP800-128,CompTIA objective 1.3; NIST configuration-change planning and control.,2026-07-26,2026-07-26,2026-07-26,approved,initial-quality-review,,"Approved during the staging-review workflow. Questions are tested on the staging site before production deployment, and issues may be submitted through the question-reporting feature."
SEC701-0000178,SEC-701,CompTIA Security+,SY0-701,6.0,1,SEC701-BATCH-009,2.0,"Threats, Vulnerabilities, and Mitigations",2.1,Compare and contrast common threat actors and motivations.,Shadow IT,business-team-unsanctioned-saas-shadow-it,easy,single_choice,scenario,,"A business team begins storing customer files in an unapproved SaaS platform without involving security, procurement, or IT. Which threat-actor category best describes the source of this risk?",Nation-state actor,Shadow IT,Organized crime,Hacktivist,B,"Shadow IT occurs when employees or business units use technology outside approved organizational processes, creating unmanaged security and compliance risk.",A nation-state actor operates in support of national strategic objectives.,The team has adopted an unsanctioned service outside normal governance.,Organized crime conducts coordinated malicious activity for financial gain.,"Hacktivists pursue political, social, or ideological objectives.",Shadow IT|Unsanctioned SaaS|Threat actors|Cloud governance,SRC-COMPTIA-SY0701-V6|SRC-NIST-SP800-53R5,CompTIA objective 2.1; unmanaged-system and authorization concepts.,2026-07-26,2026-07-26,2026-07-26,approved,initial-quality-review,,"Approved during the staging-review workflow. Questions are tested on the staging site before production deployment, and issues may be submitted through the question-reporting feature."
SEC701-0000179,SEC-701,CompTIA Security+,SY0-701,6.0,1,SEC701-BATCH-009,2.0,"Threats, Vulnerabilities, and Mitigations",2.2,Explain common threat vectors and attack surfaces.,Open service ports,public-management-port-exposed-attack-surface,medium,single_choice,scenario,,A vendor enables a remote-management service on a public IP address and leaves its management port reachable from the Internet. An attacker finds the service through scanning and exploits it. Which attack surface most directly enabled the intrusion?,A printed network diagram stored in a locked cabinet,An encrypted backup stored offline,An exposed open service port,A disabled local account,C,The reachable management service created a discoverable network entry point that the attacker could scan and target.,A protected printed diagram is not the network entry point used in the attack.,An offline encrypted backup does not expose a listening service.,The publicly reachable management port directly expanded the attack surface.,A disabled account reduces rather than creates an authentication path.,Open ports|Management interfaces|External attack surface|Service exposure,SRC-COMPTIA-SY0701-V6|SRC-NIST-SP800-41R1,CompTIA objective 2.2; NIST firewall policy and exposed-service guidance.,2026-07-26,2026-07-26,2026-07-26,approved,initial-quality-review,,"Approved during the staging-review workflow. Questions are tested on the staging site before production deployment, and issues may be submitted through the question-reporting feature."
SEC701-0000180,SEC-701,CompTIA Security+,SY0-701,6.0,1,SEC701-BATCH-009,2.0,"Threats, Vulnerabilities, and Mitigations",2.3,Explain various types of vulnerabilities.,Integer overflow,integer-multiplication-wraps-small-allocation,hard,single_choice,scenario,,"An application multiplies an untrusted item count by an item size using a fixed-width unsigned integer. A very large count causes the result to wrap to a small value, so the application allocates less memory than later code expects. Which vulnerability occurs first?",Cross-site request forgery,Directory traversal,Session fixation,Integer overflow or wraparound,D,The arithmetic result exceeds the integer's representable range and wraps to an unexpected smaller value. That incorrect calculation can then lead to an undersized allocation and memory corruption.,CSRF causes a victim's authenticated browser to submit an unwanted request.,Directory traversal manipulates path elements to reach unintended files.,Session fixation causes a victim to authenticate using a session identifier known to an attacker.,The fixed-width multiplication exceeds its numeric range before the allocation error occurs.,Integer overflow|Wraparound|Memory allocation|Input validation|Application vulnerabilities,SRC-COMPTIA-SY0701-V6|SRC-MITRE-CWE190,CompTIA objective 2.3; MITRE CWE-190.,2026-07-26,2026-07-26,2026-07-26,approved,initial-quality-review,,"Approved during the staging-review workflow. Questions are tested on the staging site before production deployment, and issues may be submitted through the question-reporting feature."
SEC701-0000181,SEC-701,CompTIA Security+,SY0-701,6.0,1,SEC701-BATCH-009,2.0,"Threats, Vulnerabilities, and Mitigations",2.4,"Given a scenario, analyze indicators of malicious activity.",Rootkit indicators,hidden-kernel-driver-process-file-discrepancies,hard,single_choice,scenario,,"A host-based scanner reports a suspicious kernel driver, but ordinary system utilities cannot see the driver, several related processes, or files that a forensic memory image confirms are present. Which malicious activity is most consistent with the evidence?",A rootkit hiding system artifacts,Password spraying,A domain generation algorithm,Business email compromise,A,"Rootkits alter or subvert low-level system behavior to conceal drivers, processes, files, or connections while maintaining privileged persistence.",The disagreement between trusted forensic evidence and normal utilities is consistent with kernel-level hiding.,Password spraying creates authentication attempts across many accounts.,A DGA produces algorithmic domain queries used to locate infrastructure.,Business email compromise uses impersonation or compromised mailboxes to conduct fraud.,Rootkits|Kernel drivers|Hidden processes|Memory forensics|Malware indicators,SRC-COMPTIA-SY0701-V6|SRC-NIST-SP800-86|SRC-NIST-SP800-61R3,CompTIA objective 2.4; NIST forensic and malware-investigation guidance.,2026-07-26,2026-07-26,2026-07-26,approved,initial-quality-review,,"Approved during the staging-review workflow. Questions are tested on the staging site before production deployment, and issues may be submitted through the question-reporting feature."
SEC701-0000182,SEC-701,CompTIA Security+,SY0-701,6.0,1,SEC701-BATCH-009,2.0,"Threats, Vulnerabilities, and Mitigations",2.5,Explain the purpose of mitigation techniques used to secure the enterprise.,Authentication rate limiting,progressive-throttling-mitigates-password-guessing,medium,single_choice,scenario,,An Internet-facing sign-in service permits rapid repeated password attempts without delay. Which mitigation best reduces automated guessing while limiting the risk that an attacker can easily lock out every account?,Display usernames in the error message,"Use progressive rate limiting and risk-based challenges, with carefully designed temporary lockouts and monitoring",Allow more attempts from addresses that fail authentication frequently,Disable authentication logging to improve sign-in speed,B,Progressive throttling increases attacker cost without relying only on a simple permanent account lockout that can be abused for denial of service.,Exposing valid usernames can help attackers enumerate accounts.,"The layered control slows automated attacks, adapts to risk, and preserves visibility while managing lockout abuse.",Frequent failures are a reason to restrict rather than expand access.,Removing logs weakens detection and investigation.,Rate limiting|Progressive delays|Account lockout|Password attacks|Monitoring,SRC-COMPTIA-SY0701-V6|SRC-CISA-BRUTE-FORCE|SRC-NIST-SP800-63B-4,CompTIA objective 2.5; authentication throttling and attack-mitigation guidance.,2026-07-26,2026-07-26,2026-07-26,approved,initial-quality-review,,"Approved during the staging-review workflow. Questions are tested on the staging site before production deployment, and issues may be submitted through the question-reporting feature."
SEC701-0000183,SEC-701,CompTIA Security+,SY0-701,6.0,1,SEC701-BATCH-009,2.0,"Threats, Vulnerabilities, and Mitigations",2.5,Explain the purpose of mitigation techniques used to secure the enterprise.,Phishing-resistant authentication,fido-authenticator-mitigates-reverse-proxy-phishing,medium,single_choice,scenario,,Attackers use a reverse-proxy phishing site to relay passwords and one-time codes to a legitimate service in real time. Which mitigation most directly reduces the success of this technique?,Require users to change passwords every week,Send the same one-time code through both email and SMS,Use phishing-resistant authenticators such as FIDO security keys or appropriately configured passkeys,Remove the domain name from the browser address bar,C,"Phishing-resistant authenticators bind authentication to the legitimate verifier or origin, so a relay site cannot reuse the authentication response for a different site.",Frequent password changes do not prevent real-time credential relay.,Duplicating a relayable code across channels does not make it phishing resistant.,FIDO-based authentication resists verifier impersonation and credential replay.,Hiding destination information makes phishing harder for users to detect.,Phishing-resistant MFA|FIDO|Passkeys|Adversary-in-the-middle phishing|Authentication,SRC-COMPTIA-SY0701-V6|SRC-NIST-SP800-63B-4,CompTIA objective 2.5; NIST phishing-resistant authenticator guidance.,2026-07-26,2026-07-26,2026-07-26,approved,initial-quality-review,,"Approved during the staging-review workflow. Questions are tested on the staging site before production deployment, and issues may be submitted through the question-reporting feature."
SEC701-0000184,SEC-701,CompTIA Security+,SY0-701,6.0,1,SEC701-BATCH-009,3.0,Security Architecture,3.1,Compare and contrast security implications of different architecture models.,Platform as a service responsibility,paas-customer-code-data-iam-secrets-responsibility,medium,single_choice,scenario,,"A company deploys an application to a platform-as-a-service environment. The provider manages the physical infrastructure, operating system, and application runtime. Which responsibility most clearly remains with the customer?",Replacing failed storage hardware in the provider's data center,Patching the provider-managed host operating system,Maintaining the provider's physical access-control system,"Securing the deployed application code, data, identities, configuration, and application secrets",D,"In PaaS, the provider manages the underlying platform, while the customer retains responsibility for the deployed application, its data, identities, settings, and secrets.",The provider manages the underlying physical infrastructure.,The provider manages the PaaS operating system and runtime platform.,Physical facility controls are provider responsibilities.,The customer controls the deployed application and the information and identities used by it.,PaaS|Shared responsibility|Cloud service models|Application security|Secrets,SRC-COMPTIA-SY0701-V6|SRC-NIST-SP800-145|SRC-NIST-SP800-144,CompTIA objective 3.1; NIST cloud service-model and public-cloud guidance.,2026-07-26,2026-07-26,2026-07-26,approved,initial-quality-review,,"Approved during the staging-review workflow. Questions are tested on the staging site before production deployment, and issues may be submitted through the question-reporting feature."
SEC701-0000185,SEC-701,CompTIA Security+,SY0-701,6.0,1,SEC701-BATCH-009,3.0,Security Architecture,3.2,"Given a scenario, apply security principles to secure enterprise infrastructure.",Guest wireless isolation,guest-wlan-internet-only-client-isolation,easy,single_choice,scenario,,Visitors need wireless Internet access but should not reach internal systems or communicate directly with other visitor devices. Which design best meets the requirement?,"Place guests on a separate VLAN with firewall rules allowing Internet access only, and enable wireless client isolation",Use the employee VLAN and rely on visitors to avoid internal addresses,Bridge the guest network directly to the server-management subnet,Disable wireless encryption so onboarding is faster,A,"A separate network and firewall boundary protect internal resources, while client isolation reduces direct attacks between guest devices.",The design provides both enterprise separation and peer-to-peer isolation.,User behavior is not a reliable security boundary.,The management subnet is especially sensitive and should not be exposed to guests.,Disabling encryption exposes wireless traffic and weakens access control.,Guest wireless|VLANs|Client isolation|Firewall rules|Network segmentation,SRC-COMPTIA-SY0701-V6|SRC-NIST-SP800-153|SRC-NIST-SP800-41R1,CompTIA objective 3.2; NIST WLAN and firewall guidance.,2026-07-26,2026-07-26,2026-07-26,approved,initial-quality-review,,"Approved during the staging-review workflow. Questions are tested on the staging site before production deployment, and issues may be submitted through the question-reporting feature."
SEC701-0000186,SEC-701,CompTIA Security+,SY0-701,6.0,1,SEC701-BATCH-009,3.0,Security Architecture,3.3,Compare and contrast concepts and strategies to protect data.,Cryptographic erasure,destroy-unique-encryption-keys-crypto-shredding,hard,single_choice,scenario,,"An organization stores encrypted cloud objects on media it cannot physically sanitize. Each object set is protected by a unique organization-controlled encryption key. At the end of the retention period, which action can make the encrypted data infeasible to recover without rewriting the provider's media?",Rename the cloud objects and remove them from the application index,Securely destroy every accessible copy of the applicable encryption key and verify completion of the key-destruction process,Compress the encrypted objects into a smaller archive,Move the objects to a different folder in the same account,B,"Cryptographic erasure makes ciphertext inaccessible by securely destroying the encryption keys needed for recovery, provided the keys were properly controlled and no usable copies remain.",Renaming or removing an index does not eliminate the underlying data or key.,Destroying all usable copies of the unique key removes the practical means to decrypt the stored objects.,Compression changes storage size and does not remove decryption capability.,Moving the objects leaves the ciphertext and key relationship intact.,Cryptographic erase|Crypto-shredding|Key destruction|Cloud data disposal|Retention,SRC-COMPTIA-SY0701-V6|SRC-NIST-SP800-88R2|SRC-NIST-SP800-57P1R5,CompTIA objective 3.3; NIST media sanitization and key-management guidance.,2026-07-26,2026-07-26,2026-07-26,approved,initial-quality-review,,"Approved during the staging-review workflow. Questions are tested on the staging site before production deployment, and issues may be submitted through the question-reporting feature."
SEC701-0000187,SEC-701,CompTIA Security+,SY0-701,6.0,2,SEC701-BATCH-009,3.0,Security Architecture,3.3,Compare and contrast concepts and strategies to protect data.,Data classification labels,classification-labels-drive-handling-controls,medium,single_choice,scenario,,"A company wants email, storage, and collaboration systems to apply different encryption, sharing, retention, and monitoring rules according to data sensitivity. Which foundation is most important for applying those controls consistently?",Use one public label for every record regardless of sensitivity,Base protection rules on each employee's browser preferences,Use a defined classification and labeling scheme tied to handling requirements,Let each department create labels and map them to local handling rules,C,A shared classification and labeling scheme gives technical systems consistent meaning and handling requirements for automated enforcement.,One public label cannot distinguish sensitive information from ordinary data.,Browser preferences do not define data sensitivity or required protection.,"The enterprise scheme connects sensitivity, ownership, and handling rules across systems.","Department-specific labels are plausible, but inconsistent definitions would make enterprise enforcement and data exchange unreliable.",Data classification|Data labels|Handling requirements|Encryption|Retention|Monitoring,SRC-COMPTIA-SY0701-V6|SRC-NIST-SP800-53R5|SRC-NIST-PRIVACY-FRAMEWORK,CompTIA objective 3.3; NIST data-processing and information-flow controls.,2026-07-26,2026-07-27,2026-07-27,approved,terminology-and-answer-balance-audit,,"Approved during the staging-review workflow. Questions are tested on the staging site before production deployment, and issues may be submitted through the question-reporting feature. Revised during the Security+ terminology and answer-choice length audit."
SEC701-0000188,SEC-701,CompTIA Security+,SY0-701,6.0,1,SEC701-BATCH-009,3.0,Security Architecture,3.4,Explain the importance of resilience and recovery in security architecture.,Snapshots and independent backups,same-account-snapshots-do-not-replace-independent-backups,medium,single_choice,scenario,,A ransomware actor compromises a virtualization administrator account and encrypts virtual machines along with snapshots stored in the same environment. Which resilience improvement most directly addresses this failure?,Create snapshots more frequently under the same administrator account,Increase the virtual machines' CPU allocations,Store additional snapshot names in a spreadsheet,Maintain tested backups in a separately controlled location with immutable or offline protection and independent credentials,D,Snapshots in the same control plane can share the compromise. Independently controlled protected backups provide a recovery path when production and local snapshots are affected together.,More snapshots under the compromised account remain exposed to the same actor.,Additional processing capacity does not protect recovery copies.,An inventory of names does not preserve usable backup data.,Separate credentials and immutable or offline storage reduce correlated compromise.,Snapshots|Independent backups|Immutable backups|Ransomware recovery|Credential separation,SRC-COMPTIA-SY0701-V6|SRC-NIST-SP800-34R1|SRC-NIST-SP800-53R5,"CompTIA objective 3.4; NIST backup, contingency, and access-control guidance.",2026-07-26,2026-07-26,2026-07-26,approved,initial-quality-review,,"Approved during the staging-review workflow. Questions are tested on the staging site before production deployment, and issues may be submitted through the question-reporting feature."
SEC701-0000189,SEC-701,CompTIA Security+,SY0-701,6.0,1,SEC701-BATCH-009,4.0,Security Operations,4.1,"Given a scenario, apply common security techniques to computing resources.",Container image admission control,verify-signed-container-images-before-deployment,hard,single_choice,scenario,,A Kubernetes environment should reject container images that were altered after the approved build or that came from an untrusted registry. Which control best enforces this requirement before a workload starts?,Use an admission policy that verifies image signatures and approved registry provenance before allowing deployment,Permit any image if the requested container name looks familiar,Scan only the worker node's disk after the container exits,Disable registry authentication to simplify image retrieval,A,Admission-time signature and provenance verification blocks untrusted or tampered images before they execute in the cluster.,The policy establishes trust in the image and its source before workload creation.,A name is not cryptographic evidence of image origin or integrity.,Post-execution scanning occurs after the untrusted workload has already run.,Removing authentication expands the risk of unauthorized image access and substitution.,Container images|Digital signatures|Admission control|Trusted registries|Supply chain,SRC-COMPTIA-SY0701-V6|SRC-NIST-SP800-190|SRC-NIST-SP800-53R5,CompTIA objective 4.1; NIST container-image and software-integrity guidance.,2026-07-26,2026-07-26,2026-07-26,approved,initial-quality-review,,"Approved during the staging-review workflow. Questions are tested on the staging site before production deployment, and issues may be submitted through the question-reporting feature."
SEC701-0000190,SEC-701,CompTIA Security+,SY0-701,6.0,2,SEC701-BATCH-009,4.0,Security Operations,4.2,"Explain the security implications of proper hardware, software, and data asset management.",Software inventory and authorization,inventory-detect-remove-unapproved-remote-access-software,easy,single_choice,scenario,,Asset discovery finds an unapproved remote-access tool installed on several employee laptops. Which asset-management response is most appropriate?,"Quarantine the laptops until the tool is documented, but leave the software installed","Verify ownership and business need, then remove the tool or bring it under formal management",Allow the tool because an employee installed it for business use,Disable software inventory scans on the affected laptops,B,"Software asset management requires ownership, business justification, approval, licensing, and a decision to remove or formally manage the tool.","Quarantine can reduce immediate exposure, but leaving the tool unresolved does not complete the asset-management decision.",The response establishes accountability and either eliminates or formally controls the software.,Employee installation does not establish organizational approval.,Disabling discovery weakens visibility and allows unmanaged software to persist.,Software inventory|Unauthorized software|Licensing|Asset ownership|Lifecycle management,SRC-COMPTIA-SY0701-V6|SRC-NIST-SP800-53R5,CompTIA objective 4.2; NIST software-component inventory controls.,2026-07-26,2026-07-27,2026-07-27,approved,terminology-and-answer-balance-audit,,"Approved during the staging-review workflow. Questions are tested on the staging site before production deployment, and issues may be submitted through the question-reporting feature. Revised during the Security+ terminology and answer-choice length audit."
SEC701-0000191,SEC-701,CompTIA Security+,SY0-701,6.0,1,SEC701-BATCH-009,4.0,Security Operations,4.4,Explain security alerting and monitoring concepts and tools.,Log normalization,siem-common-schema-maps-different-field-names,medium,single_choice,scenario,,"A SIEM receives source-address data as src_ip from one product, clientAddress from another, and source from a third. Which processing step lets correlation rules treat these fields as the same type of information?",Log deletion,Packet fragmentation,Log normalization into a common schema,Data compression without field mapping,C,"Normalization maps vendor-specific fields and formats to a consistent schema so searches, dashboards, and correlation rules can operate across sources.",Deleting logs removes evidence instead of making it consistent.,Packet fragmentation is a network-transport behavior.,The common schema gives the different source-address fields a shared meaning.,Compression may reduce storage but does not align field names or semantics.,SIEM|Log normalization|Common schemas|Correlation|Field mapping,SRC-COMPTIA-SY0701-V6|SRC-NIST-SP800-92,CompTIA objective 4.4; NIST log-management and analysis guidance.,2026-07-26,2026-07-26,2026-07-26,approved,initial-quality-review,,"Approved during the staging-review workflow. Questions are tested on the staging site before production deployment, and issues may be submitted through the question-reporting feature."
SEC701-0000192,SEC-701,CompTIA Security+,SY0-701,6.0,1,SEC701-BATCH-009,4.0,Security Operations,4.5,"Given a scenario, modify enterprise capabilities to enhance security.",Cloud access security brokers,casb-discovers-saas-enforces-sharing-dlp,medium,single_choice,scenario,,"An organization wants visibility into sanctioned and unsanctioned SaaS use, control external sharing, apply data-loss rules to cloud applications, and enforce access policy based on user and device context. Which capability best matches the requirement?",A local disk defragmenter,A network time server,A certificate revocation list,A cloud access security broker,D,"A CASB provides visibility and policy enforcement between users and cloud services, including application discovery, access controls, sharing restrictions, and data protection.",Disk defragmentation does not govern cloud-service use.,A time server supports clock synchronization rather than SaaS policy enforcement.,A certificate revocation list reports certificate trust status.,"The listed discovery, access, sharing, and DLP functions are CASB use cases.",CASB|SaaS discovery|Cloud DLP|Access policy|Shadow IT,SRC-COMPTIA-SY0701-V6|SRC-NIST-SP800-144|SRC-NIST-SP800-207,CompTIA objective 4.5; NIST public-cloud and policy-enforcement guidance.,2026-07-26,2026-07-26,2026-07-26,approved,initial-quality-review,,"Approved during the staging-review workflow. Questions are tested on the staging site before production deployment, and issues may be submitted through the question-reporting feature."
SEC701-0000193,SEC-701,CompTIA Security+,SY0-701,6.0,2,SEC701-BATCH-009,4.0,Security Operations,4.6,"Given a scenario, implement and maintain identity and access management.",Automated identity deprovisioning,hr-triggered-cloud-account-deprovisioning,hard,single_choice,scenario,,"When HR records an employee's termination, the organization wants connected cloud services to disable the user's account and remove group memberships without administrators manually updating each service. Which capability best meets the requirement?",Automated account deprovisioning connected to the HR system,Network-device monitoring through SNMP,An encrypted IPsec tunnel between each cloud service,Online certificate-status checking,A,An HR-integrated identity lifecycle process can automatically disable accounts and remove access across connected services. SCIM is one standard that can support this integration.,The capability directly connects the authoritative HR event to account and group changes.,SNMP is used for network-device monitoring and management.,IPsec protects network traffic but does not provision or deprovision identities.,Certificate-status checking reports revocation state and does not manage user accounts.,Identity lifecycle|Provisioning|Deprovisioning|HR integration|SCIM,SRC-COMPTIA-SY0701-V6|SRC-RFC7644|SRC-NIST-SP800-53R5,CompTIA objective 4.6; RFC 7644 identity-management protocol.,2026-07-26,2026-07-27,2026-07-27,approved,terminology-and-answer-balance-audit,,"Approved during the staging-review workflow. Questions are tested on the staging site before production deployment, and issues may be submitted through the question-reporting feature. Revised during the Security+ terminology and answer-choice length audit."
SEC701-0000194,SEC-701,CompTIA Security+,SY0-701,6.0,1,SEC701-BATCH-009,4.0,Security Operations,4.7,Explain the importance of automation and orchestration related to secure operations.,Automation change control,version-control-peer-review-tested-playbook-deployment,medium,single_choice,scenario,,"An analyst edits a production response playbook directly, and a small logic error disables accounts outside the intended incident scope. Which process improvement most directly reduces the chance of a similar automation failure?",Give every analyst permission to edit the production playbook,"Store playbooks in version control, require peer review and testing, and deploy approved versions through a controlled pipeline",Remove execution logs so playbooks finish faster,Combine unrelated response playbooks into one large script,B,"Version history, peer review, testing, and controlled deployment apply change-management safeguards to high-impact automation.",Broad edit permission increases the risk of unauthorized or accidental changes.,The process detects defects before production and preserves an auditable approved version and rollback path.,"Removing logs weakens monitoring, troubleshooting, and accountability.",Combining unrelated actions increases complexity and potential blast radius.,Automation governance|Version control|Peer review|Testing|Deployment pipelines,SRC-COMPTIA-SY0701-V6|SRC-NIST-SP800-128|SRC-NIST-SP800-53R5,CompTIA objective 4.7; NIST change-control and automated-process safeguards.,2026-07-26,2026-07-26,2026-07-26,approved,initial-quality-review,,"Approved during the staging-review workflow. Questions are tested on the staging site before production deployment, and issues may be submitted through the question-reporting feature."
SEC701-0000195,SEC-701,CompTIA Security+,SY0-701,6.0,1,SEC701-BATCH-009,4.0,Security Operations,4.8,Explain appropriate incident response activities.,Incident detection and analysis,confirm-alert-classify-scope-impact-severity,easy,single_choice,scenario,,"A security alert is confirmed as malicious. The response team determines which systems and data are affected, estimates business impact, assigns a severity, and formally declares an incident. Which incident-response activity is being performed?",Recovery,Lessons learned,Detection and analysis,Eradication,C,"Detection and analysis confirms the event, establishes scope and impact, classifies severity, and activates the appropriate response.",Recovery restores and validates operations after the threat is removed.,Lessons learned occurs after response to identify improvements.,The team is validating and characterizing the incident before later phases.,"Eradication removes malware, persistence, and exploited weaknesses.",Incident detection|Analysis|Scope|Impact|Severity classification|Declaration,SRC-COMPTIA-SY0701-V6|SRC-NIST-SP800-61R3,CompTIA objective 4.8; NIST incident detection and analysis activities.,2026-07-26,2026-07-26,2026-07-26,approved,initial-quality-review,,"Approved during the staging-review workflow. Questions are tested on the staging site before production deployment, and issues may be submitted through the question-reporting feature."
SEC701-0000196,SEC-701,CompTIA Security+,SY0-701,6.0,1,SEC701-BATCH-009,5.0,Security Program Management and Oversight,5.1,Summarize elements of effective security governance.,Security steering committees,cross-functional-committee-risk-metrics-exceptions-priorities,medium,single_choice,scenario,,"Business, legal, finance, technology, and security leaders meet quarterly to review cyber risk metrics, unresolved exceptions, regulatory changes, and funding priorities. Which governance mechanism is most directly described?",A packet-capture filter,A certificate authority,A vulnerability scanner,A cross-functional security steering committee,D,"A security steering committee provides cross-functional oversight, aligns security priorities with business objectives, and supports risk and resource decisions.",A packet filter selects network traffic for analysis.,A certificate authority issues and manages digital certificates.,A vulnerability scanner identifies technical weaknesses.,"The recurring leadership forum performs governance, prioritization, and oversight.",Security governance|Steering committees|Risk oversight|Exceptions|Funding priorities,SRC-COMPTIA-SY0701-V6|SRC-NIST-CSF2,CompTIA objective 5.1; NIST CSF 2.0 GOVERN function.,2026-07-26,2026-07-26,2026-07-26,approved,initial-quality-review,,"Approved during the staging-review workflow. Questions are tested on the staging site before production deployment, and issues may be submitted through the question-reporting feature."
SEC701-0000197,SEC-701,CompTIA Security+,SY0-701,6.0,1,SEC701-BATCH-009,5.0,Security Program Management and Oversight,5.2,Explain elements of the risk management process.,Single loss expectancy,single-loss-expectancy-asset-value-exposure-factor,easy,single_choice,calculation,,"A server and the business data it supports have an asset value of $500,000. A modeled incident is expected to cause a 20% loss of that value. What is the single loss expectancy?","$100,000","$20,000","$400,000","$2,500,000",A,"Single loss expectancy equals asset value multiplied by exposure factor: $500,000 × 0.20 = $100,000.",This correctly applies SLE = asset value × exposure factor.,This result does not equal 20% of the stated asset value.,This is the remaining 80% of the value rather than the expected loss.,This incorrectly increases the value instead of applying the exposure factor.,SLE|Asset value|Exposure factor|Quantitative risk analysis|Calculation,SRC-COMPTIA-SY0701-V6|SRC-NIST-RISK-ALE,CompTIA objective 5.2; NIST quantitative risk training material.,2026-07-26,2026-07-26,2026-07-26,approved,initial-quality-review,,"Approved during the staging-review workflow. Questions are tested on the staging site before production deployment, and issues may be submitted through the question-reporting feature."
SEC701-0000198,SEC-701,CompTIA Security+,SY0-701,6.0,2,SEC701-BATCH-009,5.0,Security Program Management and Oversight,5.3,Explain the processes associated with third-party risk assessment and management.,Vendor risk tiering,tier-vendors-by-criticality-data-access-dependency,medium,single_choice,scenario,,A company uses one vendor for ordinary office supplies and another vendor to process regulated customer data and operate a critical authentication service. How should the company allocate third-party due-diligence effort?,Apply the same detailed review to every vendor regardless of access or business impact,"Tier vendors by criticality, data access, and dependency, then review higher-risk vendors more deeply",Review only the office-supply vendor because physical products create the greater risk,Skip review when a vendor has a well-known brand and many customers,B,Risk-based tiering directs stronger assessment and monitoring toward vendors whose failure or compromise would create greater business and data impact.,A uniform detailed review is defensible but inefficient and does not focus effort according to material differences in risk.,"The data processor and authentication provider warrant deeper review because of their access, criticality, and dependency.",The regulated data and authentication service create the more significant exposure.,Brand recognition is not a substitute for evidence-based due diligence.,Vendor risk tiering|Criticality|Data sensitivity|Third-party access|Continuous monitoring,SRC-COMPTIA-SY0701-V6|SRC-NIST-SP800-161R1,CompTIA objective 5.3; NIST supplier-risk assessment guidance.,2026-07-26,2026-07-27,2026-07-27,approved,terminology-and-answer-balance-audit,,"Approved during the staging-review workflow. Questions are tested on the staging site before production deployment, and issues may be submitted through the question-reporting feature. Revised during the Security+ terminology and answer-choice length audit."
SEC701-0000199,SEC-701,CompTIA Security+,SY0-701,6.0,1,SEC701-BATCH-009,5.0,Security Program Management and Oversight,5.4,Summarize elements of effective security compliance.,Consent and preference management,optional-marketing-use-clear-consent-withdrawal,easy,single_choice,scenario,,A retailer wants to use customer purchase information for optional targeted marketing that is not required to complete the sale. Which practice best supports effective privacy compliance?,Treat purchase completion as consent to every future use,Hide the marketing use in an unrelated technical document,"Provide clear notice, obtain and record the applicable customer choice, and provide a practical way to withdraw or change that choice",Keep the data indefinitely because the customer once made a purchase,C,"Clear notice, meaningful choice, recorded preferences, and manageable withdrawal support transparent and accountable optional processing.",Completing a transaction does not necessarily authorize unrelated optional uses.,A hidden disclosure does not provide clear and understandable notice.,"The process supports transparency, customer choice, and auditable preference handling.","Retention should be tied to justified legal, contractual, and business needs.",Consent|Privacy notice|Preference management|Optional processing|Withdrawal,SRC-COMPTIA-SY0701-V6|SRC-NIST-PRIVACY-FRAMEWORK,CompTIA objective 5.4; NIST privacy communication and data-processing concepts.,2026-07-26,2026-07-26,2026-07-26,approved,initial-quality-review,,"Approved during the staging-review workflow. Questions are tested on the staging site before production deployment, and issues may be submitted through the question-reporting feature."
SEC701-0000200,SEC-701,CompTIA Security+,SY0-701,6.0,1,SEC701-BATCH-009,5.0,Security Program Management and Oversight,5.5,Explain types and purposes of audits and assessments.,White-box penetration testing,white-box-test-source-code-diagrams-accounts,hard,single_choice,comparison,,"A penetration tester receives source code, architecture diagrams, test accounts, and configuration details so the engagement can examine internal logic and trust relationships in depth. Which testing approach is being used?",Black-box testing,A vulnerability scan without manual analysis,A tabletop continuity exercise,White-box testing,D,"White-box testing provides substantial internal knowledge and access so testers can perform deep, targeted analysis of implementation and architecture.",Black-box testing provides little or no internal knowledge and more closely resembles an uninformed external attacker.,Automated scanning alone does not use the supplied source and architecture information for an adversarial test.,A tabletop exercise discusses response or continuity scenarios without performing the described technical testing.,The extensive internal information and credentials define a white-box approach.,White-box testing|Penetration testing|Knowledge levels|Source code|Architecture review,SRC-COMPTIA-SY0701-V6|SRC-NIST-SP800-115,CompTIA objective 5.5; NIST technical security testing guidance.,2026-07-26,2026-07-26,2026-07-26,approved,initial-quality-review,,"Approved during the staging-review workflow. Questions are tested on the staging site before production deployment, and issues may be submitted through the question-reporting feature."
SEC701-0000201,SEC-701,CompTIA Security+,SY0-701,6.0,1,SEC701-BATCH-010,1.0,General Security Concepts,1.1,Compare and contrast various types of security controls.,Preventive controls,identify-two-preventive-controls-allowlisting-turnstile,medium,multi_select,comparison,Select TWO answers.,A company is reviewing controls by their primary function. Which TWO controls are primarily preventive?,Application allowlisting that blocks unapproved executables,A badge-controlled turnstile that blocks unauthorized entry,A SIEM alert that reports a suspicious sign-in,Restoring an altered configuration from a protected backup,A|B,Application allowlisting and a badge-controlled turnstile are intended to stop unauthorized software execution and physical entry before they occur.,Allowlisting prevents execution unless software is explicitly permitted.,The turnstile is a physical barrier that prevents entry without authorization.,A SIEM alert is primarily detective because it reports activity.,Restoring a configuration is corrective because it repairs an affected state.,Preventive controls|Technical controls|Physical controls|Control functions,SRC-COMPTIA-SY0701-V6|SRC-NIST-SP800-53R5,"CompTIA objective 1.1; NIST preventive, detective, and corrective control concepts.",2026-07-27,2026-07-27,2026-07-27,approved,initial-quality-review,,"Approved during the staging-review workflow. This batch intentionally expands multi-select, best-available, and closely competing response questions."
SEC701-0000202,SEC-701,CompTIA Security+,SY0-701,6.0,2,SEC701-BATCH-010,1.0,General Security Concepts,1.2,Summarize fundamental security concepts.,Dual control for key operations,multiple-custodian-hsm-key-operation,hard,best_available,scenario,Choose the BEST response.,An organization stores a root signing key in a hardware security module. No single administrator should be able to export or activate the key alone. Which control best satisfies the requirement?,Require one administrator to document each key operation after completion,Assign key administration to one role that receives an annual access review,Require multiple authorized key custodians to participate before the operation can proceed,Store a recovery copy in the same administrator's password vault,C,Requiring multiple authorized custodians prevents one administrator from performing the sensitive key operation alone. This is a form of dual control.,After-the-fact documentation improves accountability but does not prevent unilateral action.,"Role assignment and annual review are useful, but one role holder could still act alone.",The HSM operation cannot proceed unless the required custodians participate.,A recovery copy controlled by the same person defeats the intended separation.,Dual control|HSM|Key custody|Separation of duties,SRC-COMPTIA-SY0701-V6|SRC-NIST-SP800-57P1R5|SRC-NIST-SP800-53R5,CompTIA objective 1.2; NIST key-custody and separation-of-duty guidance.,2026-07-27,2026-07-27,2026-07-27,approved,terminology-and-answer-balance-audit,,"Approved during the staging-review workflow. This batch intentionally expands multi-select, best-available, and closely competing response questions. Revised during the Security+ terminology and answer-choice length audit."
SEC701-0000203,SEC-701,CompTIA Security+,SY0-701,6.0,1,SEC701-BATCH-010,1.0,General Security Concepts,1.4,Explain the importance of using appropriate cryptographic solutions.,Digital signatures,digital-signature-integrity-origin-not-confidentiality,easy,single_choice,direct,,A sender digitally signs a document but does not encrypt it. What protection does the signature primarily provide?,Confidentiality of the document contents,Availability if the storage system fails,Anonymous access to the document,Integrity and evidence of the signing identity,D,A digital signature supports integrity and origin authentication. It does not conceal the document unless encryption is also used.,Confidentiality requires encryption or another access-control mechanism.,A signature does not keep the document available during a storage outage.,A signature links the document to a signing identity rather than providing anonymity.,Signature verification can detect modification and validate the signing key.,Digital signatures|Integrity|Origin authentication|Confidentiality,SRC-COMPTIA-SY0701-V6|SRC-NIST-FIPS186-5,CompTIA objective 1.4; NIST Digital Signature Standard.,2026-07-27,2026-07-27,2026-07-27,approved,initial-quality-review,,"Approved during the staging-review workflow. This batch intentionally expands multi-select, best-available, and closely competing response questions."
SEC701-0000204,SEC-701,CompTIA Security+,SY0-701,6.0,1,SEC701-BATCH-010,2.0,"Threats, Vulnerabilities, and Mitigations",2.1,Compare and contrast common threat actors and motivations.,Malicious insider indicators,malicious-insider-legitimate-access-internal-knowledge,medium,multi_select,scenario,Select TWO answers.,Investigators are deciding whether a data theft was more likely performed by a malicious insider than by an external attacker. Which TWO facts most strongly support the insider assessment?,The attacker connected through a commercially available VPN service,The attacker sent generic phishing messages to public email addresses,The files were accessed through an employee's valid assigned account,The activity targeted unpublished project names and internal storage paths known mainly to the project team,C|D,Use of legitimate assigned access and detailed knowledge of internal project names and storage paths strongly support an insider hypothesis.,Commercial VPN use can be associated with many external and internal actors.,Generic phishing is commonly used by external attackers and does not indicate trusted access.,"Use of an employee's assigned access is consistent with insider activity, although credential theft must still be considered.",Knowledge of unpublished internal naming and locations supports direct organizational familiarity.,Malicious insiders|Legitimate access|Internal knowledge|Threat attribution,SRC-COMPTIA-SY0701-V6|SRC-CISA-INSIDER-THREAT,CompTIA objective 2.1; CISA insider-threat indicators and mitigation concepts.,2026-07-27,2026-07-27,2026-07-27,approved,initial-quality-review,,"Approved during the staging-review workflow. This batch intentionally expands multi-select, best-available, and closely competing response questions."
SEC701-0000205,SEC-701,CompTIA Security+,SY0-701,6.0,1,SEC701-BATCH-010,2.0,"Threats, Vulnerabilities, and Mitigations",2.1,Compare and contrast common threat actors and motivations.,Competitor motivation,competitor-steals-prototype-designs-market-advantage,easy,best_available,scenario,Choose the BEST answer.,Investigators determine that contractors working for a rival manufacturer stole prototype designs so the rival could release a competing product sooner. Which threat actor best fits the evidence?,A competitor seeking commercial advantage,A hacktivist seeking ideological change,An unskilled attacker seeking recognition,An insider acting only through accidental error,A,"The theft directly benefits a rival business by accelerating its competing product, which is a competitor-driven commercial motive.",The actor and motive align with corporate competition and market advantage.,"Hacktivism is driven by political, social, or ideological objectives.",The operation has a focused commercial purpose rather than notoriety.,The contractors acted intentionally rather than through an accidental mistake.,Competitors|Corporate espionage|Threat motivations|Intellectual property,SRC-COMPTIA-SY0701-V6,CompTIA objective 2.1 threat-actor and motivation concepts.,2026-07-27,2026-07-27,2026-07-27,approved,initial-quality-review,,"Approved during the staging-review workflow. This batch intentionally expands multi-select, best-available, and closely competing response questions."
SEC701-0000206,SEC-701,CompTIA Security+,SY0-701,6.0,1,SEC701-BATCH-010,2.0,"Threats, Vulnerabilities, and Mitigations",2.2,Explain common threat vectors and attack surfaces.,Software supply-chain compromise,compromised-vendor-update-supply-chain-vector,hard,best_available,scenario,Choose the BEST answer.,Attackers compromise a software vendor's build environment and insert malicious code into an update distributed through the vendor's normal update service to many customers. Which attack vector best describes the intrusion?,A watering-hole attack,A software supply-chain attack,Credential stuffing,Removable-media baiting,B,The attackers compromise a trusted software production and distribution process so customers receive malicious code through the legitimate supply chain.,"A watering-hole attack compromises a website that intended victims are likely to visit. Here, the compromised mechanism is the vendor's build and update process.",The malicious update is introduced through a trusted supplier and distributed to downstream customers.,Credential stuffing reuses stolen username-and-password pairs.,Removable-media baiting relies on devices such as planted USB drives.,Supply-chain attacks|Trusted updates|Build systems|Third-party software,SRC-COMPTIA-SY0701-V6|SRC-NIST-SP800-161R1,CompTIA objective 2.2; NIST software supply-chain risk guidance.,2026-07-27,2026-07-27,2026-07-27,approved,initial-quality-review,,"Approved during the staging-review workflow. This batch intentionally expands multi-select, best-available, and closely competing response questions."
SEC701-0000207,SEC-701,CompTIA Security+,SY0-701,6.0,2,SEC701-BATCH-010,2.0,"Threats, Vulnerabilities, and Mitigations",2.3,Explain various types of vulnerabilities.,Missing object authorization check,api-missing-per-object-authorization-check,medium,single_choice,scenario,,An API request for /accounts/145 returns an authenticated user's account. Changing the identifier to /accounts/146 returns another customer's account because the API verifies sign-in but not access to the requested object. Which security problem is present?,The browser submits an authenticated request the user did not intend,An arithmetic calculation wraps to an unexpected value,The API checks sign-in but not permission for the requested account,A resolver accepts false DNS information,C,"Authentication identifies the requester, but the API must also verify authorization for each requested account. OWASP calls this broken object-level authorization, or BOLA.",An unintended request from a victim's authenticated browser describes cross-site request forgery.,An arithmetic wraparound describes an integer overflow.,The missing per-object authorization check allows one user to retrieve another user's account.,Accepting false name-resolution information describes DNS cache poisoning.,API authorization|Object identifiers|Access control|BOLA,SRC-COMPTIA-SY0701-V6|SRC-OWASP-API1-BOLA,CompTIA objective 2.3; OWASP API1:2023.,2026-07-27,2026-07-27,2026-07-27,approved,terminology-and-answer-balance-audit,,"Approved during the staging-review workflow. This batch intentionally expands multi-select, best-available, and closely competing response questions. Revised during the Security+ terminology and answer-choice length audit."
SEC701-0000208,SEC-701,CompTIA Security+,SY0-701,6.0,1,SEC701-BATCH-010,2.0,"Threats, Vulnerabilities, and Mitigations",2.4,"Given a scenario, analyze indicators of malicious activity.",DNS tunneling indicators,dns-tunneling-high-entropy-subdomains-long-txt,medium,multi_select,scenario,Select TWO answers.,A security analyst suspects an endpoint is using DNS tunneling for command and control or data transfer. Which TWO observations most strongly support that hypothesis?,"Large numbers of long, high-entropy subdomain labels sent to one external domain",The default gateway's MAC address changes after a switch replacement,Unusually long and frequent TXT queries with encoded-looking content,Several users mistype their passwords after a scheduled password change,A|C,"High-entropy subdomains and repeated long TXT queries can carry encoded data through DNS, making them strong tunneling indicators.",Encoded data is often placed in generated subdomain labels for tunneling.,"A gateway MAC change may relate to network maintenance or ARP behavior, not DNS tunneling.",TXT records can carry relatively large encoded payloads and are commonly reviewed during DNS-tunneling investigations.,Password errors do not indicate data transfer through DNS.,DNS tunneling|High-entropy domains|TXT queries|Command and control|Exfiltration,SRC-COMPTIA-SY0701-V6|SRC-MITRE-T1071-004|SRC-NIST-SP800-92,CompTIA objective 2.4; MITRE DNS application-layer protocol and log analysis guidance.,2026-07-27,2026-07-27,2026-07-27,approved,initial-quality-review,,"Approved during the staging-review workflow. This batch intentionally expands multi-select, best-available, and closely competing response questions."
SEC701-0000209,SEC-701,CompTIA Security+,SY0-701,6.0,1,SEC701-BATCH-010,2.0,"Threats, Vulnerabilities, and Mitigations",2.5,Explain the purpose of mitigation techniques used to secure the enterprise.,Third-party remote access,ztna-app-only-time-bound-vendor-access,hard,best_available,scenario,Choose the BEST response.,"A vendor technician needs access to one internal management application for two weeks. The organization wants strong identity verification, device posture checks, time-limited access, and no general network visibility. Which approach best meets the requirement?",Provide a traditional full-network VPN and rely on endpoint detection software to identify misuse,"Provide identity-aware, application-specific access with device posture requirements and an automatic expiration date",Create a shared administrator account and restrict use through policy,Allow access from the vendor's public IP address without user authentication,B,"Application-specific, identity-aware access provides the needed resource without exposing the broader network and can enforce device and time conditions.","A full-network VPN plus endpoint monitoring is plausible, but it grants broader connectivity than the technician requires.","The approach directly applies least privilege, device trust, strong identity, and time-bound access.","A shared account weakens attribution, revocation, and accountability.",An IP address alone is not a sufficient user identity or authorization control.,ZTNA|Third-party access|Least privilege|Device posture|Time-bound access,SRC-COMPTIA-SY0701-V6|SRC-NIST-SP800-207|SRC-NIST-SP800-46R2,CompTIA objective 2.5; NIST Zero Trust and remote-access guidance.,2026-07-27,2026-07-27,2026-07-27,approved,initial-quality-review,,"Approved during the staging-review workflow. This batch intentionally expands multi-select, best-available, and closely competing response questions."
SEC701-0000210,SEC-701,CompTIA Security+,SY0-701,6.0,1,SEC701-BATCH-010,3.0,Security Architecture,3.1,Compare and contrast security implications of different architecture models.,Infrastructure as a service,iaas-customer-controls-os-host-firewall,medium,best_available,comparison,Choose the BEST answer.,"A company wants cloud scalability but must retain control of the guest operating system, installed security agents, host firewall, and application runtime. The provider may manage physical facilities, hardware, and the virtualization layer. Which service model best fits?",Software as a service,Platform as a service,Infrastructure as a service,A fully managed business application,C,IaaS gives the customer control of guest operating systems and deployed software while the provider manages the underlying physical and virtual infrastructure.,SaaS provides a completed application and gives the customer much less control over the operating system and runtime.,PaaS normally leaves the runtime and operating-system platform under provider management.,"IaaS aligns with the requirement for customer-managed guests, agents, firewalls, and application components.",A fully managed application is effectively a SaaS-style model and does not provide the requested system control.,IaaS|Cloud service models|Shared responsibility|Guest operating systems,SRC-COMPTIA-SY0701-V6|SRC-NIST-SP800-145|SRC-NIST-SP800-144,CompTIA objective 3.1; NIST cloud service-model definitions.,2026-07-27,2026-07-27,2026-07-27,approved,initial-quality-review,,"Approved during the staging-review workflow. This batch intentionally expands multi-select, best-available, and closely competing response questions."
SEC701-0000211,SEC-701,CompTIA Security+,SY0-701,6.0,1,SEC701-BATCH-010,3.0,Security Architecture,3.2,"Given a scenario, apply security principles to secure enterprise infrastructure.",Port-based network access control,802-1x-authenticates-device-before-switch-port-access,easy,single_choice,direct,,Which technology authenticates a user or device before a wired switch port or wireless connection receives normal network access?,IEEE 802.1X,Network address translation,DNSSEC,Full-disk encryption,A,"IEEE 802.1X provides port-based network access control using a supplicant, an authenticator, and an authentication server.",802.1X controls network admission before normal access is granted.,NAT translates network addresses and does not authenticate endpoints.,DNSSEC protects DNS data authenticity and integrity.,Full-disk encryption protects stored data rather than network admission.,802.1X|Network admission|Port-based access control|Authentication,SRC-COMPTIA-SY0701-V6|SRC-NIST-SP800-153|SRC-NIST-SP800-53R5,CompTIA objective 3.2; NIST WLAN and access-enforcement guidance.,2026-07-27,2026-07-27,2026-07-27,approved,initial-quality-review,,"Approved during the staging-review workflow. This batch intentionally expands multi-select, best-available, and closely competing response questions."
SEC701-0000212,SEC-701,CompTIA Security+,SY0-701,6.0,1,SEC701-BATCH-010,3.0,Security Architecture,3.3,Compare and contrast concepts and strategies to protect data.,Protecting data in transit,tls-and-ipsec-protect-data-in-transit,medium,multi_select,comparison,Select TWO answers.,Which TWO technologies are primarily used to protect data in transit across untrusted networks?,Full-disk encryption on an endpoint,TLS protecting an application session,Data masking in a nonproduction database,An IPsec tunnel between network gateways,B|D,"TLS protects application sessions, while IPsec can protect IP traffic across a network tunnel. Both address data in transit.",Full-disk encryption primarily protects data at rest on the endpoint.,TLS provides confidentiality and integrity for application-layer communications.,Masking obscures stored field values and is not a transport protocol.,IPsec can authenticate and encrypt network-layer traffic between gateways.,Data in transit|TLS|IPsec|Encryption|Network tunnels,SRC-COMPTIA-SY0701-V6|SRC-RFC8446|SRC-NIST-SP800-77R1,CompTIA objective 3.3; TLS and IPsec primary sources.,2026-07-27,2026-07-27,2026-07-27,approved,initial-quality-review,,"Approved during the staging-review workflow. This batch intentionally expands multi-select, best-available, and closely competing response questions."
SEC701-0000213,SEC-701,CompTIA Security+,SY0-701,6.0,1,SEC701-BATCH-010,3.0,Security Architecture,3.4,Explain the importance of resilience and recovery in security architecture.,Near-zero recovery objectives,active-active-synchronous-replication-near-zero-rto-rpo,medium,best_available,scenario,Choose the BEST architecture.,A transaction service requires recovery within 30 seconds after a site failure and cannot lose committed transactions. Which design best supports both requirements?,A weekly full backup stored offsite,A cold site with hardware delivery contracts,A warm standby using asynchronous replication every 15 minutes,An active-active design across independent locations with synchronous transaction replication and automated traffic failover,D,Active-active processing with synchronous replication and automatic failover best supports a very short RTO and no loss of committed transactions.,A weekly backup would permit substantial data loss and lengthy restoration.,A cold site cannot meet a 30-second recovery requirement.,"A warm standby is plausible for rapid recovery, but 15-minute asynchronous replication does not meet the no-data-loss requirement.","The sites are already active, committed transactions are synchronized, and traffic can fail over automatically.",RTO|RPO|Active-active|Synchronous replication|Automated failover,SRC-COMPTIA-SY0701-V6|SRC-NIST-SP800-34R1|SRC-NIST-GLOSSARY-RPO-RTO,CompTIA objective 3.4; NIST recovery-objective and resilience guidance.,2026-07-27,2026-07-27,2026-07-27,approved,initial-quality-review,,"Approved during the staging-review workflow. This batch intentionally expands multi-select, best-available, and closely competing response questions."
SEC701-0000214,SEC-701,CompTIA Security+,SY0-701,6.0,1,SEC701-BATCH-010,4.0,Security Operations,4.3,Explain various activities associated with vulnerability management.,Risk-based vulnerability prioritization,prioritize-exploited-critical-identity-gateway-over-isolated-cvss,hard,best_available,scenario,Choose the BEST response.,"A scanner finds a CVSS 9.8 vulnerability on an isolated lab server with no sensitive data and strong compensating controls. It also finds a CVSS 7.5 vulnerability on a public identity gateway, and reliable threat intelligence shows active exploitation. Which finding should be remediated first?","The identity gateway finding, because exposure, active exploitation, business criticality, and potential impact outweigh the lower base score","The lab finding, because the highest CVSS score should determine priority alone",Neither finding until the next annual audit,"Whichever finding was discovered first, regardless of context",A,"Vulnerability priority should incorporate exploit activity, exposure, asset criticality, and impact rather than relying on the base severity score alone.",The public critical identity service and active exploitation create the more urgent contextual risk.,"The lab vulnerability is severe and still requires treatment, but the compensating controls and isolation reduce its immediate risk.",Known exploitable weaknesses should not wait for an unrelated annual event.,Discovery order is not a defensible substitute for risk-based prioritization.,Vulnerability prioritization|CVSS|Threat intelligence|Asset criticality|Compensating controls,SRC-COMPTIA-SY0701-V6|SRC-NIST-SP800-40R4|SRC-NIST-SP800-30R1,CompTIA objective 4.3; NIST patch and risk-assessment guidance.,2026-07-27,2026-07-27,2026-07-27,approved,initial-quality-review,,"Approved during the staging-review workflow. This batch intentionally expands multi-select, best-available, and closely competing response questions."
SEC701-0000215,SEC-701,CompTIA Security+,SY0-701,6.0,1,SEC701-BATCH-010,4.0,Security Operations,4.4,Explain security alerting and monitoring concepts and tools.,Security orchestration automation and response,soar-enriches-alert-opens-ticket-runs-playbook,easy,single_choice,direct,,"Which platform is designed to enrich alerts, open cases, coordinate response playbooks, and automate actions across multiple security tools?",A certificate authority,A SOAR platform,A recursive DNS resolver,A disk-encryption utility,B,"SOAR platforms integrate security tools, enrich alerts, manage cases, and coordinate automated or analyst-approved response playbooks.",A certificate authority issues and manages digital certificates.,"SOAR combines orchestration, automation, and response workflow management.",A recursive resolver performs DNS lookups.,Disk encryption protects stored data and does not coordinate security workflows.,SOAR|Alert enrichment|Case management|Playbooks|Security automation,SRC-COMPTIA-SY0701-V6|SRC-NIST-SP800-61R3|SRC-NIST-SP800-137,CompTIA objective 4.4; security monitoring and incident-response automation concepts.,2026-07-27,2026-07-27,2026-07-27,approved,initial-quality-review,,"Approved during the staging-review workflow. This batch intentionally expands multi-select, best-available, and closely competing response questions."
SEC701-0000216,SEC-701,CompTIA Security+,SY0-701,6.0,1,SEC701-BATCH-010,4.0,Security Operations,4.5,"Given a scenario, modify enterprise capabilities to enhance security.",Enterprise phishing defenses,secure-email-gateway-and-phishing-resistant-mfa,medium,multi_select,scenario,Select TWO answers.,An organization wants enterprise controls that most directly reduce both delivery of credential-phishing messages and successful account takeover when a phishing page is reached. Which TWO controls best address those goals?,"A secure email gateway that analyzes links, attachments, reputation, and message-authentication results",Full-disk encryption on employee laptops,Longer retention for building access-control logs,Phishing-resistant authentication for user accounts,A|D,"The email gateway reduces malicious-message delivery, while phishing-resistant authentication reduces the chance that a deceptive site can complete account takeover.",The gateway directly filters and analyzes inbound email threats.,Disk encryption protects stored data but does not block phishing messages or credential relay.,Physical-access log retention does not directly address email phishing.,Phishing-resistant authenticators are designed to resist verifier impersonation and credential relay.,Secure email gateways|Phishing-resistant MFA|Credential phishing|Account takeover,SRC-COMPTIA-SY0701-V6|SRC-CISA-PHISHING|SRC-NIST-SP800-63B-4,CompTIA objective 4.5; CISA phishing and NIST authentication guidance.,2026-07-27,2026-07-27,2026-07-27,approved,initial-quality-review,,"Approved during the staging-review workflow. This batch intentionally expands multi-select, best-available, and closely competing response questions."
SEC701-0000217,SEC-701,CompTIA Security+,SY0-701,6.0,1,SEC701-BATCH-010,4.0,Security Operations,4.6,"Given a scenario, implement and maintain identity and access management.",Context-aware authorization,abac-contractor-project-device-time-context,medium,best_available,scenario,Choose the BEST access-control model.,"Employees and contractors may share the same application role, but contractor access must also depend on the assigned project, a compliant managed device, approved hours, and the contract end date. Which model best expresses the policy?",Discretionary access control,Role-based access control alone,Attribute-based access control,A shared account protected by a strong password,C,"ABAC evaluates subject, resource, device, environmental, and time attributes to make a contextual authorization decision.",DAC lets an owner grant permissions but does not naturally express all of the required contextual conditions.,"RBAC is plausible because the users share a role, but role membership alone cannot express project, device, time, and contract attributes.",ABAC directly models the multiple conditions in the policy.,A shared account removes individual accountability and cannot enforce the stated contextual restrictions.,ABAC|RBAC|Context-aware access|Device posture|Time-based access,SRC-COMPTIA-SY0701-V6|SRC-NIST-SP800-53R5|SRC-NIST-SP800-207,CompTIA objective 4.6; NIST access-enforcement and Zero Trust concepts.,2026-07-27,2026-07-27,2026-07-27,approved,initial-quality-review,,"Approved during the staging-review workflow. This batch intentionally expands multi-select, best-available, and closely competing response questions."
SEC701-0000218,SEC-701,CompTIA Security+,SY0-701,6.0,1,SEC701-BATCH-010,4.0,Security Operations,4.7,Explain the importance of automation and orchestration related to secure operations.,Security orchestration,orchestration-coordinates-edr-iam-firewall-ticket,medium,single_choice,scenario,,"A response workflow coordinates an EDR platform, identity provider, firewall, and ticketing system so that each tool performs a different step in the same incident process. Which concept is most directly demonstrated?",Data masking,Orchestration,Cryptographic erasure,Tokenization,B,Orchestration coordinates actions and information across multiple tools and systems as part of one workflow.,Data masking obscures sensitive values.,The workflow coordinates several independent security platforms.,Cryptographic erasure destroys access to encrypted data by destroying keys.,Tokenization replaces sensitive values with surrogate tokens.,Orchestration|Security tools|Incident workflows|Automation,SRC-COMPTIA-SY0701-V6|SRC-NIST-SP800-61R3,CompTIA objective 4.7; coordinated response workflow concepts.,2026-07-27,2026-07-27,2026-07-27,approved,initial-quality-review,,"Approved during the staging-review workflow. This batch intentionally expands multi-select, best-available, and closely competing response questions."
SEC701-0000219,SEC-701,CompTIA Security+,SY0-701,6.0,2,SEC701-BATCH-010,4.0,Security Operations,4.8,Explain appropriate incident response activities.,Safety-aware incident containment,isolate-medical-device-before-eradication,hard,best_available,scenario,Choose the BEST immediate response.,"A critical medical device shows signs of malware communication. The device is actively supporting patient care, and an immediate shutdown could create a safety risk. What should the response team do first?",Coordinate safe network containment with clinical and engineering staff while preserving evidence,"Notify clinical staff, then immediately reimage the device to remove the malware",Leave the device fully connected until the next scheduled maintenance window,Delete the device logs to reduce exposure of sensitive medical information,A,The first action should reduce malicious communication while preserving required patient-care function and evidence through coordination with the responsible teams.,"The response balances containment, safety, operations, and investigation needs.","Reimaging may later be appropriate, but doing it immediately can interrupt care and destroy evidence before safe replacement or failover is arranged.",Leaving the device fully connected permits continued command activity or spread.,Deleting logs destroys evidence and does not contain the device.,Incident containment|Safety|Medical devices|Evidence preservation|Operational coordination,SRC-COMPTIA-SY0701-V6|SRC-NIST-SP800-61R3|SRC-NIST-SP800-82R3,CompTIA objective 4.8; NIST incident-response and safety-aware OT guidance.,2026-07-27,2026-07-27,2026-07-27,approved,terminology-and-answer-balance-audit,,"Approved during the staging-review workflow. This batch intentionally expands multi-select, best-available, and closely competing response questions. Revised during the Security+ terminology and answer-choice length audit."
SEC701-0000220,SEC-701,CompTIA Security+,SY0-701,6.0,1,SEC701-BATCH-010,4.0,Security Operations,4.9,"Given a scenario, use data sources to support an investigation.",Web proxy investigation logs,proxy-log-user-url-bytes-https-exfiltration,medium,single_choice,scenario,,"An investigator suspects a user account uploaded a large archive to an unauthorized cloud-storage site over HTTPS. Which data source is most likely to identify the authenticated user, destination URL or category, timestamp, and transferred byte count?",A DHCP scope configuration,A certificate revocation list,A secure web proxy log,A physical badge inventory,C,"A secure web proxy log can associate authenticated users with web destinations, request timing, policy decisions, and data-transfer volume.",DHCP data can map devices to addresses but does not normally provide URL and upload details.,A revocation list reports certificate trust status.,The proxy log contains the web-session context requested by the investigator.,A badge inventory tracks physical credentials rather than HTTPS activity.,Proxy logs|HTTPS|Data exfiltration|User attribution|Transferred bytes,SRC-COMPTIA-SY0701-V6|SRC-NIST-SP800-92|SRC-NIST-SP800-41R1,CompTIA objective 4.9; NIST log-management and proxy guidance.,2026-07-27,2026-07-27,2026-07-27,approved,initial-quality-review,,"Approved during the staging-review workflow. This batch intentionally expands multi-select, best-available, and closely competing response questions."
SEC701-0000221,SEC-701,CompTIA Security+,SY0-701,6.0,1,SEC701-BATCH-010,5.0,Security Program Management and Oversight,5.1,Summarize elements of effective security governance.,Key risk indicators,overdue-critical-vulnerabilities-key-risk-indicator,medium,best_available,comparison,Choose the BEST metric.,The board wants an indicator that can signal increasing cyber exposure before a major incident occurs. Which metric best serves as a key risk indicator?,The number of security policies formatted during the quarter,The percentage of critical vulnerabilities that remain past the remediation SLA,The number of attendees at the monthly security meeting,The number of pages in the incident-response plan,B,The percentage of overdue critical vulnerabilities reflects accumulating exposure and can warn leadership that risk is increasing.,Policy formatting is an activity measure and does not directly indicate exposure.,"Overdue critical findings are closely tied to the likelihood and impact of compromise, making the metric risk-oriented.",Meeting attendance may measure participation but not whether cyber risk is rising.,Document length does not indicate plan effectiveness or current exposure.,KRI|Security metrics|Vulnerability remediation|Governance reporting,SRC-COMPTIA-SY0701-V6|SRC-NIST-CSF2|SRC-NIST-IR8286A-R1,CompTIA objective 5.1; NIST governance and enterprise-risk reporting concepts.,2026-07-27,2026-07-27,2026-07-27,approved,initial-quality-review,,"Approved during the staging-review workflow. This batch intentionally expands multi-select, best-available, and closely competing response questions."
SEC701-0000222,SEC-701,CompTIA Security+,SY0-701,6.0,1,SEC701-BATCH-010,5.0,Security Program Management and Oversight,5.2,Explain elements of the risk management process.,Annual loss expectancy inputs,ale-inputs-asset-value-exposure-factor-aro,hard,multi_select,calculation,Select THREE answers.,Which THREE values are needed to calculate annual loss expectancy using the standard relationships SLE = asset value × exposure factor and ALE = SLE × annualized rate of occurrence?,Risk appetite,Asset value,Exposure factor,Annualized rate of occurrence,B|C|D,"Asset value and exposure factor determine single loss expectancy, and the annualized rate of occurrence converts that loss into annual loss expectancy.",Risk appetite guides decisions about acceptable risk but is not part of the ALE arithmetic.,Asset value is multiplied by the exposure factor to calculate SLE.,The exposure factor represents the expected percentage of asset value lost in one event.,ARO is multiplied by SLE to calculate ALE.,ALE|SLE|Asset value|Exposure factor|ARO|Quantitative risk,SRC-COMPTIA-SY0701-V6|SRC-NIST-RISK-ALE,CompTIA objective 5.2; NIST quantitative risk training material.,2026-07-27,2026-07-27,2026-07-27,approved,initial-quality-review,,"Approved during the staging-review workflow. This batch intentionally expands multi-select, best-available, and closely competing response questions."
SEC701-0000223,SEC-701,CompTIA Security+,SY0-701,6.0,1,SEC701-BATCH-010,5.0,Security Program Management and Oversight,5.3,Explain the processes associated with third-party risk assessment and management.,Right-to-audit clauses,contract-right-to-audit-vendor-controls,easy,single_choice,direct,,Which contract provision gives a customer the ability to examine a vendor's relevant controls or obtain agreed independent assessment evidence?,A right-to-audit clause,A force majeure clause,A marketing exclusivity clause,A product discount schedule,A,A right-to-audit clause establishes the customer's ability to verify agreed security and compliance obligations through audits or specified evidence.,The clause provides an explicit verification mechanism for vendor controls.,Force majeure addresses exceptional events affecting contractual performance.,Marketing exclusivity controls promotional or sales relationships.,A discount schedule defines pricing rather than assurance rights.,Right to audit|Vendor contracts|Third-party assurance|Control evidence,SRC-COMPTIA-SY0701-V6|SRC-NIST-SP800-161R1,CompTIA objective 5.3; NIST supplier agreement and assessment guidance.,2026-07-27,2026-07-27,2026-07-27,approved,initial-quality-review,,"Approved during the staging-review workflow. This batch intentionally expands multi-select, best-available, and closely competing response questions."
SEC701-0000224,SEC-701,CompTIA Security+,SY0-701,6.0,2,SEC701-BATCH-010,5.0,Security Program Management and Oversight,5.5,Explain types and purposes of audits and assessments.,Evidence of operating effectiveness,sampled-records-show-control-operated-over-time,medium,single_choice,comparison,,An auditor is evaluating whether a privileged-access review control operated effectively throughout the previous six months. Which evidence is most useful?,"The approved review procedure, control owner assignment, and review schedule",The current privileged-access listing and an identity-system architecture diagram,Vendor reports describing the platform's access-governance capabilities,"A sample of completed reviews, approvals, exceptions, and follow-up records from the six-month period",D,"Operating effectiveness requires evidence that the control was repeatedly performed, reviewed, and followed up throughout the period.",The procedure and ownership evidence support control design but do not show that reviews occurred.,Current access and architecture provide context but not six months of control performance.,Vendor reports describe product capability rather than the organization's actual operation.,"Records sampled across the period demonstrate performance, approval, exceptions, and remediation.",Audit evidence|Operating effectiveness|Sampling|Privileged access reviews,SRC-COMPTIA-SY0701-V6|SRC-NIST-SP800-115|SRC-NIST-SP800-53R5,CompTIA objective 5.5; NIST assessment evidence and access-review controls.,2026-07-27,2026-07-27,2026-07-27,approved,terminology-and-answer-balance-audit,,"Approved during the staging-review workflow. This batch intentionally expands multi-select, best-available, and closely competing response questions. Revised during the Security+ terminology and answer-choice length audit."
SEC701-0000225,SEC-701,CompTIA Security+,SY0-701,6.0,1,SEC701-BATCH-010,5.0,Security Program Management and Oversight,5.6,"Given a scenario, implement security awareness practices.",Lost badge reporting,report-lost-access-badge-immediate-deactivation,easy,single_choice,scenario,,An employee discovers that a building access badge is missing. What should the employee do first?,Wait several days in case the badge appears,Borrow a coworker's badge and avoid reporting the loss,Post the badge number publicly so others can help search,Report the loss through the approved process so the badge can be deactivated and replacement procedures can begin,D,Prompt reporting allows the organization to revoke the missing credential and reduce the period in which it could be misused.,Waiting extends the exposure window if someone else has the badge.,Sharing another badge violates accountability and does not address the missing credential.,Publishing the badge number may provide useful information to an attacker.,"Immediate reporting supports deactivation, investigation, and controlled replacement.",Physical access badges|Credential loss|Reporting|Security awareness,SRC-COMPTIA-SY0701-V6|SRC-NIST-SP800-53R5,CompTIA objective 5.6; NIST physical-access credential management concepts.,2026-07-27,2026-07-27,2026-07-27,approved,initial-quality-review,,"Approved during the staging-review workflow. This batch intentionally expands multi-select, best-available, and closely competing response questions."
SEC701-0000226,SEC-701,CompTIA Security+,SY0-701,6.0,1,SEC701-BATCH-011,1.0,General Security Concepts,1.1,Compare and contrast various types of security controls.,Detective controls,control-evidence-identify-detective-functions,medium,multi_select,comparison,Select TWO answers.,Review the control evidence. Which TWO controls are primarily detective?,The SIEM correlation alert for unusual sign-in activity,The entrance-camera monitoring reviewed by security staff,The application allowlist that blocks unapproved software,The protected backup used to restore encrypted files,A|B,"The SIEM alert and reviewed camera footage identify or report activity. The allowlist is preventive, while backup restoration is corrective.","The SIEM reports activity that meets the suspicious-sign-in rule, so its primary function is detective.",Camera monitoring provides evidence of physical activity for detection and review.,Application allowlisting is primarily preventive because it blocks execution before it occurs.,Restoring files from backup is corrective because it repairs damage after an event.,Detective controls|SIEM alerts|Physical monitoring|Control functions,SRC-COMPTIA-SY0701-V6|SRC-NIST-SP800-53R5,CompTIA objective 1.1; NIST control-function concepts.,2026-08-01,2026-08-01,2026-08-01,approved,initial-quality-review,,Approved through the staging-review workflow. Batch 011 contains only stimulus-backed questions using the certification-neutral read-only stimulus contract.
SEC701-0000227,SEC-701,CompTIA Security+,SY0-701,6.0,1,SEC701-BATCH-011,1.0,General Security Concepts,1.3,Explain the importance of change management processes and the impact to security.,Failed change recovery,failed-change-validation-rollback-investigate,medium,best_available,scenario,Choose the BEST response.,Review the change record. What should the change owner do next?,Continue the remaining rollout because the change was previously approved,Update the approved baseline so it matches the current failed state,"Initiate rollback, record the result, and investigate before rescheduling",Disable service monitoring until the implementation window closes,C,"The failed validation and service errors meet the rollback condition. The owner should restore the known state, preserve the change record, and determine the cause before another attempt.",Approval does not justify continuing after documented validation and service checks fail.,Changing the baseline to match an unsuccessful implementation would legitimize an unvalidated state.,This follows the rollback plan and preserves evidence needed for correction and a controlled retry.,Disabling monitoring hides impact and removes evidence rather than controlling the failed change.,Change validation|Rollback|Change records|Baseline management,SRC-COMPTIA-SY0701-V6|SRC-NIST-SP800-128,CompTIA objective 1.3; NIST security-focused change control.,2026-08-01,2026-08-01,2026-08-01,approved,initial-quality-review,,Approved through the staging-review workflow. Batch 011 contains only stimulus-backed questions using the certification-neutral read-only stimulus contract.
SEC701-0000228,SEC-701,CompTIA Security+,SY0-701,6.0,1,SEC701-BATCH-011,1.0,General Security Concepts,1.4,Explain the importance of using appropriate cryptographic solutions.,Certificate expiration,tls-certificate-output-expired-notafter,easy,single_choice,scenario,,A browser rejects the certificate shown in the diagnostic output. What is the immediate cause?,The certificate uses a subject name that differs from the requested host,The certificate lacks a public key,The certificate was issued before the current time,The certificate has passed its expiration time,D,"The current time is later than the certificate's notAfter value, and the diagnostic explicitly reports an expiration error.","The subject alternative name includes portal.example.com, which matches the requested host.","The output shows a public-key algorithm, so a public key is present.","A notBefore date in the past means the certificate is already valid, not invalid.","The notAfter date has passed, so the certificate is expired.",Digital certificates|Expiration|TLS validation|Certificate lifecycle,SRC-COMPTIA-SY0701-V6|SRC-RFC8446|SRC-NIST-SP800-57P1R5,CompTIA objective 1.4; certificate lifecycle and TLS validation concepts.,2026-08-01,2026-08-01,2026-08-01,approved,initial-quality-review,,Approved through the staging-review workflow. Batch 011 contains only stimulus-backed questions using the certification-neutral read-only stimulus contract.
SEC701-0000229,SEC-701,CompTIA Security+,SY0-701,6.0,1,SEC701-BATCH-011,2.0,"Threats, Vulnerabilities, and Mitigations",2.1,Compare and contrast common threat actors and motivations.,Malicious insiders,termination-notice-valid-account-targeted-data-theft,medium,best_available,scenario,Choose the BEST answer.,Which threat actor is most strongly supported by the investigation evidence?,A malicious insider using legitimate access and internal knowledge,A nation-state actor exploiting an Internet-facing service,An unskilled attacker scanning random public systems,A hacktivist attempting to publicize an ideological cause,A,"The activity used a valid assigned account, focused on a project the employee knew, and followed a termination notice. Those facts strongly support intentional insider misuse.","The actor had legitimate access, project knowledge, and a personal motive associated with termination.",The evidence does not show exploitation of an external service or a national objective.,The targeted project files and valid corporate access are inconsistent with random scanning.,"No ideological messaging, public disclosure, or advocacy motive is shown.",Malicious insiders|Legitimate access|Motivation|Threat attribution,SRC-COMPTIA-SY0701-V6|SRC-CISA-INSIDER-THREAT,CompTIA objective 2.1; CISA insider-threat indicators.,2026-08-01,2026-08-01,2026-08-01,approved,initial-quality-review,,Approved through the staging-review workflow. Batch 011 contains only stimulus-backed questions using the certification-neutral read-only stimulus contract.
SEC701-0000230,SEC-701,CompTIA Security+,SY0-701,6.0,1,SEC701-BATCH-011,2.0,"Threats, Vulnerabilities, and Mitigations",2.2,Explain common threat vectors and attack surfaces.,Typosquatting,lookalike-benefits-domain-credential-phishing,easy,single_choice,scenario,,Which attack technique is most clearly demonstrated by the message?,A watering-hole attack against a trusted website,Typosquatting,Password spraying across employee accounts,Removable-media baiting with planted devices,B,"The sender and link use a domain that visually resembles the legitimate company domain but substitutes a character, which is typosquatting.",A watering-hole attack compromises a site the target population already visits.,The misspelled lookalike domain is intended to deceive recipients into trusting the phishing page.,Password spraying tries a small set of passwords across many accounts.,Removable-media baiting relies on planted storage devices rather than email links.,Typosquatting|Lookalike domains|Credential phishing|Email attacks,SRC-COMPTIA-SY0701-V6|SRC-CISA-PHISHING,CompTIA objective 2.2; CISA phishing guidance.,2026-08-01,2026-08-01,2026-08-01,approved,initial-quality-review,,Approved through the staging-review workflow. Batch 011 contains only stimulus-backed questions using the certification-neutral read-only stimulus contract.
SEC701-0000231,SEC-701,CompTIA Security+,SY0-701,6.0,1,SEC701-BATCH-011,2.0,"Threats, Vulnerabilities, and Mitigations",2.3,Explain various types of vulnerabilities.,SQL injection,search-parameter-union-select-database-error,medium,single_choice,scenario,,Which vulnerability is most consistent with the request and application response?,Stored cross-site scripting,Server-side request forgery,SQL injection,Directory traversal,C,"The search parameter contains database query syntax, and the application returns a database syntax error. This is consistent with unsafe construction of a SQL query from untrusted input.",Stored XSS saves script content that later executes in a user's browser.,SSRF causes the server to make attacker-influenced requests to other resources.,The UNION SELECT input and database error are characteristic SQL injection indicators.,Directory traversal manipulates path elements to access unintended files.,SQL injection|Input validation|Parameterized queries|Application logs,SRC-COMPTIA-SY0701-V6|SRC-OWASP-SQLI,CompTIA objective 2.3; OWASP SQL injection prevention guidance.,2026-08-01,2026-08-01,2026-08-01,approved,initial-quality-review,,Approved through the staging-review workflow. Batch 011 contains only stimulus-backed questions using the certification-neutral read-only stimulus contract.
SEC701-0000232,SEC-701,CompTIA Security+,SY0-701,6.0,1,SEC701-BATCH-011,2.0,"Threats, Vulnerabilities, and Mitigations",2.4,"Given a scenario, analyze indicators of malicious activity.",Password spraying indicators,authentication-table-many-accounts-few-attempts,medium,multi_select,comparison,Select TWO answers.,Which TWO observations most strongly indicate password spraying rather than repeated brute-force attempts against one account?,One source attempts authentication against many different accounts,Hundreds of rapid attempts target the same account,Each account receives only one or a few attempts during the interval,Successful logins originate from each user's usual device,A|C,Password spraying distributes a small number of password attempts across many accounts to reduce the likelihood of per-account lockout.,The broad account set is a core password-spraying pattern.,Many attempts against one account are more consistent with account-focused brute force.,A low attempt count per account helps the attacker remain below lockout thresholds.,Usual-device successful logins do not support an attack finding.,Password spraying|Authentication logs|Account lockout|Malicious indicators,SRC-COMPTIA-SY0701-V6|SRC-CISA-BRUTE-FORCE,CompTIA objective 2.4; CISA brute-force attack guidance.,2026-08-01,2026-08-01,2026-08-01,approved,initial-quality-review,,Approved through the staging-review workflow. Batch 011 contains only stimulus-backed questions using the certification-neutral read-only stimulus contract.
SEC701-0000233,SEC-701,CompTIA Security+,SY0-701,6.0,1,SEC701-BATCH-011,2.0,"Threats, Vulnerabilities, and Mitigations",2.5,Explain the purpose of mitigation techniques used to secure the enterprise.,DNS egress control,dns-tunnel-direct-external-resolution-mitigation,hard,best_available,scenario,Choose the BEST mitigation.,The DNS evidence is confirmed as command-and-control traffic. Which mitigation most directly blocks the observed channel while preserving normal name resolution?,Disable full-disk encryption on the affected endpoint,Rate-limit all outbound HTTPS traffic from the user network,Increase retention for successful authentication events,Block direct external DNS and require monitored enterprise resolvers,D,The host is bypassing enterprise DNS and sending suspicious encoded queries directly outside. Requiring controlled resolvers blocks that path and enables DNS filtering and monitoring.,Disk encryption is unrelated to the active DNS communication channel.,HTTPS rate limiting does not stop the DNS queries shown in the evidence.,Authentication-log retention may support investigation but does not block DNS command traffic.,The policy directly closes the observed egress path while retaining approved DNS service.,DNS tunneling|Egress filtering|Enterprise resolvers|Command and control,SRC-COMPTIA-SY0701-V6|SRC-MITRE-T1071-004|SRC-NIST-SP800-41R1,CompTIA objective 2.5; MITRE DNS command-and-control and NIST firewall guidance.,2026-08-01,2026-08-01,2026-08-01,approved,initial-quality-review,,Approved through the staging-review workflow. Batch 011 contains only stimulus-backed questions using the certification-neutral read-only stimulus contract.
SEC701-0000234,SEC-701,CompTIA Security+,SY0-701,6.0,1,SEC701-BATCH-011,3.0,Security Architecture,3.1,Compare and contrast security implications of different architecture models.,IaaS shared responsibility,iaas-customer-guest-os-security-group-responsibilities,medium,multi_select,comparison,Select TWO answers.,"Based on the service model shown, which TWO activities remain the customer's responsibility?",Patching and hardening the guest operating system,Replacing failed physical storage in the provider facility,Securing the provider's hypervisor management plane,Configuring the workload's network security rules,A|D,"In infrastructure as a service, the provider manages physical infrastructure and the virtualization layer, while the customer manages guest systems and workload-level configuration.",The customer controls the guest operating system and is responsible for its security maintenance.,Physical hardware replacement is handled by the cloud provider.,The provider is responsible for the underlying hypervisor management plane.,Customer-configured security groups or equivalent rules protect the deployed workload.,IaaS|Shared responsibility|Guest operating systems|Security groups,SRC-COMPTIA-SY0701-V6|SRC-NIST-SP800-145|SRC-NIST-SP800-144,CompTIA objective 3.1; NIST cloud service-model guidance.,2026-08-01,2026-08-01,2026-08-01,approved,initial-quality-review,,Approved through the staging-review workflow. Batch 011 contains only stimulus-backed questions using the certification-neutral read-only stimulus contract.
SEC701-0000235,SEC-701,CompTIA Security+,SY0-701,6.0,1,SEC701-BATCH-011,3.0,Security Architecture,3.2,"Given a scenario, apply security principles to secure enterprise infrastructure.",Administrative access exposure,public-rdp-rule-replace-with-controlled-jump-access,hard,best_available,scenario,Choose the BEST change.,Which firewall and access change best reduces the exposure while preserving authorized administration?,Keep the public RDP rule and add longer authentication-log retention,Remove public RDP and require administration through a hardened jump path,Allow public RDP only outside normal business hours,Move the public RDP rule below the application HTTPS rule,B,Removing direct public management access and using a controlled jump path reduces attack surface and centralizes strong authentication and monitoring.,Longer logs improve investigation but leave the exposed management service reachable.,The change preserves authorized administration while eliminating direct Internet access to RDP.,A time restriction reduces availability of the service but does not establish trusted administrative access.,Rule order does not make the allowed public RDP session safe when no earlier rule blocks it.,Jump servers|Firewall rules|Administrative access|Attack surface reduction,SRC-COMPTIA-SY0701-V6|SRC-NIST-SP800-41R1|SRC-NIST-SP800-207,CompTIA objective 3.2; NIST firewall and Zero Trust guidance.,2026-08-01,2026-08-01,2026-08-01,approved,initial-quality-review,,Approved through the staging-review workflow. Batch 011 contains only stimulus-backed questions using the certification-neutral read-only stimulus contract.
SEC701-0000236,SEC-701,CompTIA Security+,SY0-701,6.0,1,SEC701-BATCH-011,3.0,Security Architecture,3.3,Compare and contrast concepts and strategies to protect data.,Classification-driven DLP,restricted-data-personal-cloud-upload-blocked,medium,single_choice,scenario,,Why did the data protection system block the upload?,The file was larger than the permitted email attachment size,The destination used an expired public certificate,Restricted data was being sent to an unapproved personal service,The workstation lacked enough free disk space,C,"The evidence shows a Restricted classification, an unapproved personal-cloud destination, and a DLP rule that prohibits that transfer.","The event is a cloud upload, and no attachment-size condition is shown.",The evidence does not identify a certificate-validation failure.,The classification and destination match the stated DLP blocking rule.,Local disk capacity is unrelated to the policy decision shown.,Data classification|DLP|Approved destinations|Data handling,SRC-COMPTIA-SY0701-V6|SRC-NIST-SP800-53R5|SRC-NIST-PRIVACY-FRAMEWORK,CompTIA objective 3.3; NIST information-flow and data-processing controls.,2026-08-01,2026-08-01,2026-08-01,approved,initial-quality-review,,Approved through the staging-review workflow. Batch 011 contains only stimulus-backed questions using the certification-neutral read-only stimulus contract.
SEC701-0000237,SEC-701,CompTIA Security+,SY0-701,6.0,1,SEC701-BATCH-011,3.0,Security Architecture,3.4,Explain the importance of resilience and recovery in security architecture.,Recovery objective selection,recovery-option-meets-rto-rpo-table,medium,single_choice,calculation,,The service requires an RTO of 60 minutes or less and an RPO of 15 minutes or less. Which option meets both requirements?,Option A,Option B,Option C,Option D,D,"Option D has a five-minute RTO and a zero-minute RPO, so it satisfies both maximum limits.",Option A exceeds both the required recovery time and acceptable data-loss interval.,Option B exceeds both requirements.,Option C meets the RTO but its 30-minute RPO exceeds the 15-minute limit.,The five-minute RTO and zero-minute RPO are both within the required limits.,RTO|RPO|Recovery architecture|Resilience planning,SRC-COMPTIA-SY0701-V6|SRC-NIST-SP800-34R1|SRC-NIST-GLOSSARY-RPO-RTO,CompTIA objective 3.4; NIST recovery-objective guidance.,2026-08-01,2026-08-01,2026-08-01,approved,initial-quality-review,,Approved through the staging-review workflow. Batch 011 contains only stimulus-backed questions using the certification-neutral read-only stimulus contract.
SEC701-0000238,SEC-701,CompTIA Security+,SY0-701,6.0,1,SEC701-BATCH-011,3.0,Security Architecture,3.2,"Given a scenario, apply security principles to secure enterprise infrastructure.",Device posture enforcement,valid-identity-noncompliant-device-remediation,medium,best_available,scenario,Choose the BEST response.,"The user has a valid identity and completed MFA, but access was denied. What should the administrator do?",Remediate the device posture and let policy reevaluate the request,Bypass the posture requirement because MFA already succeeded,Add the device to a permanent exception without an owner or end date,Disable access logging so the next request is processed faster,A,The decision log shows the device fails required management and encryption conditions. Correcting those conditions preserves the contextual access policy.,The response addresses the failed device attributes while retaining the intended access control.,Strong user authentication does not replace required device-trust conditions.,An uncontrolled permanent exception bypasses the policy without managing the risk.,Logging does not cause the denial and should remain available for investigation.,Device posture|Conditional access|Zero Trust|MFA,SRC-COMPTIA-SY0701-V6|SRC-NIST-SP800-207|SRC-NIST-SP800-53R5,CompTIA objective 3.2; NIST Zero Trust and access-enforcement guidance.,2026-08-01,2026-08-01,2026-08-01,approved,initial-quality-review,,Approved through the staging-review workflow. Batch 011 contains only stimulus-backed questions using the certification-neutral read-only stimulus contract.
SEC701-0000239,SEC-701,CompTIA Security+,SY0-701,6.0,1,SEC701-BATCH-011,4.0,Security Operations,4.1,"Given a scenario, apply common security techniques to computing resources.",SSH hardening,sshd-password-authentication-disable-after-key-validation,medium,single_choice,scenario,,Which configuration change most directly reduces password-guessing risk while retaining approved administrator access?,Enable direct root login for the server-admins group,Disable password authentication after validating keys,Increase the permitted failed attempts before disconnecting,Disable public-key authentication and keep passwords,B,The server already supports public-key authentication. Disabling password authentication after validating keys removes the password-guessing path while preserving approved access.,Permitting direct root login expands privileged remote access.,The change removes password authentication and keeps the validated key-based method.,More allowed attempts make password guessing easier rather than harder.,Disabling keys would remove the stronger authentication method the solution depends on.,SSH hardening|Password authentication|Public keys|Least functionality,SRC-COMPTIA-SY0701-V6|SRC-RFC4253|SRC-NIST-SP800-53R5,CompTIA objective 4.1; SSH and authentication-hardening guidance.,2026-08-01,2026-08-01,2026-08-01,approved,initial-quality-review,,Approved through the staging-review workflow. Batch 011 contains only stimulus-backed questions using the certification-neutral read-only stimulus contract.
SEC701-0000240,SEC-701,CompTIA Security+,SY0-701,6.0,1,SEC701-BATCH-011,4.0,Security Operations,4.2,"Explain the security implications of proper hardware, software, and data asset management.",Asset inventory follow-up,asset-table-missing-owner-unsupported-system,easy,multi_select,comparison,Select TWO answers.,Which TWO inventory findings require the most direct asset-management follow-up?,Remove the active supported laptop because it has an assigned owner,Assign an accountable owner to the database server,Create a remediation or retirement plan for the unsupported server,Classify the spare monitor as regulated customer data,B|C,"The database server lacks accountability, and the unsupported server has an unresolved lifecycle risk. Both require asset-management action.",An active supported device with an assigned owner is not the primary concern shown.,"An accountable owner is needed for security, lifecycle, and business decisions.","Unsupported technology requires documented remediation, isolation, replacement, or retirement planning.","A monitor is hardware inventory, not regulated customer data.",Asset ownership|End of support|Lifecycle management|Inventory,SRC-COMPTIA-SY0701-V6|SRC-NIST-SP800-53R5,CompTIA objective 4.2; NIST component inventory and ownership controls.,2026-08-01,2026-08-01,2026-08-01,approved,initial-quality-review,,Approved through the staging-review workflow. Batch 011 contains only stimulus-backed questions using the certification-neutral read-only stimulus contract.
SEC701-0000241,SEC-701,CompTIA Security+,SY0-701,6.0,1,SEC701-BATCH-011,4.0,Security Operations,4.3,Explain various activities associated with vulnerability management.,Risk-based vulnerability prioritization,kev-public-identity-gateway-prioritize,hard,best_available,comparison,Choose the BEST answer.,Which vulnerability should be remediated first?,The actively exploited vulnerability on the public identity gateway,The higher-CVSS vulnerability on the isolated development server,The printer vulnerability because it was discovered first,The user-laptop vulnerability because laptops are more numerous,A,"Active exploitation, public exposure, identity-system criticality, and potential business impact make the gateway finding the most urgent.",The contextual evidence creates the highest immediate likelihood and impact.,"The isolated finding has a higher base score, but no known exploitation and compensating isolation reduce immediate risk.",Discovery order is not a sound prioritization method.,"Asset quantity matters, but the table does not show active exploitation of the laptop finding.",Vulnerability prioritization|Active exploitation|Exposure|Asset criticality|CVSS,SRC-COMPTIA-SY0701-V6|SRC-NIST-SP800-40R4|SRC-NIST-SP800-30R1,CompTIA objective 4.3; NIST patch and risk-assessment guidance.,2026-08-01,2026-08-01,2026-08-01,approved,initial-quality-review,,Approved through the staging-review workflow. Batch 011 contains only stimulus-backed questions using the certification-neutral read-only stimulus contract.
SEC701-0000242,SEC-701,CompTIA Security+,SY0-701,6.0,1,SEC701-BATCH-011,4.0,Security Operations,4.4,Explain security alerting and monitoring concepts and tools.,Impossible travel alerting,siem-orlando-frankfurt-impossible-travel,medium,single_choice,scenario,,Which SIEM analytic most directly addresses the activity shown?,Detect a host that exceeds its disk-capacity threshold,Detect a certificate approaching expiration,Detect geographically impossible travel between user sign-ins,Detect a switch port with increasing physical errors,C,"The same account appears in geographically distant locations only six minutes apart, which is an impossible-travel identity anomaly.",No storage-capacity evidence appears in the sign-in events.,The events do not include certificate lifecycle information.,The time and locations cannot reasonably represent normal physical travel by the same user.,The table contains identity events rather than switch-interface counters.,SIEM analytics|Impossible travel|Identity monitoring|Alerting,SRC-COMPTIA-SY0701-V6|SRC-NIST-SP800-92|SRC-NIST-SP800-137,CompTIA objective 4.4; NIST log-management and continuous-monitoring guidance.,2026-08-01,2026-08-01,2026-08-01,approved,initial-quality-review,,Approved through the staging-review workflow. Batch 011 contains only stimulus-backed questions using the certification-neutral read-only stimulus contract.
SEC701-0000243,SEC-701,CompTIA Security+,SY0-701,6.0,1,SEC701-BATCH-011,4.0,Security Operations,4.5,"Given a scenario, modify enterprise capabilities to enhance security.",Cloud data exfiltration controls,casb-dlp-controls-personal-saas-exfiltration,hard,multi_select,scenario,Select TWO answers.,Which TWO capabilities most directly reduce the unauthorized cloud-upload risk shown?,Longer retention for internal DNS logs,A CASB that controls access and sharing for cloud services,Full-disk encryption on the employee workstation,DLP inspection that identifies and blocks sensitive content,B|D,"A CASB governs cloud-service use and sharing, while DLP identifies sensitive content and can block prohibited transfers. Together they address the observed exfiltration path.",DNS logs may support investigation but do not govern the upload or inspect its content.,The CASB can discover and control sanctioned and unsanctioned SaaS use.,Disk encryption protects stored data but not an authorized user's active upload.,DLP can recognize the restricted content and enforce the transfer rule.,CASB|DLP|Cloud services|Data exfiltration|Enterprise capabilities,SRC-COMPTIA-SY0701-V6|SRC-NIST-SP800-144|SRC-NIST-SP800-53R5,CompTIA objective 4.5; NIST cloud and information-flow guidance.,2026-08-01,2026-08-01,2026-08-01,approved,initial-quality-review,,Approved through the staging-review workflow. Batch 011 contains only stimulus-backed questions using the certification-neutral read-only stimulus contract.
SEC701-0000244,SEC-701,CompTIA Security+,SY0-701,6.0,1,SEC701-BATCH-011,4.0,Security Operations,4.8,Explain appropriate incident response activities.,OAuth account containment,malicious-oauth-consent-forwarding-rule-containment,hard,best_available,scenario,Choose the BEST immediate response.,The user confirms that the OAuth consent and forwarding rule were unauthorized. What should the response team do first?,Delete the mailbox audit records to protect message privacy,"Revoke sessions and consent, disable the malicious rule, and preserve evidence",Wait for another suspicious sign-in before changing the account,Reset only the user's workstation password and leave cloud sessions active,B,The account and delegated cloud access must be contained immediately. Revoking sessions and consent and removing the forwarding rule stops continued access while preserving evidence for investigation.,Deleting audit records destroys evidence and does not contain the account.,The response addresses the active cloud persistence and preserves the record of what occurred.,Waiting permits continued mailbox access and data forwarding.,A local workstation password reset alone may not invalidate cloud tokens or delegated application access.,Incident containment|OAuth consent|Session revocation|Mailbox forwarding|Evidence preservation,SRC-COMPTIA-SY0701-V6|SRC-NIST-SP800-61R3|SRC-NIST-SP800-63C-4,CompTIA objective 4.8; NIST incident-response and federation guidance.,2026-08-01,2026-08-01,2026-08-01,approved,initial-quality-review,,Approved through the staging-review workflow. Batch 011 contains only stimulus-backed questions using the certification-neutral read-only stimulus contract.
SEC701-0000245,SEC-701,CompTIA Security+,SY0-701,6.0,1,SEC701-BATCH-011,4.0,Security Operations,4.9,"Given a scenario, use data sources to support an investigation.",Endpoint process trees,edr-process-tree-powershell-parent-command-line,easy,single_choice,comparison,,Which data source best shows which process launched PowerShell and the command line it used?,The DHCP lease table,The building badge-access log,The DNS resolver query log,The EDR process tree,D,"An EDR process tree records parent-child process relationships and command-line context, which directly answers how PowerShell was launched.",DHCP maps addresses to devices but does not show process execution.,Badge logs show physical access rather than endpoint process activity.,DNS logs show name queries but not the parent process and command line.,The process tree contains the required execution lineage and command details.,EDR|Process trees|Command lines|Investigation data sources,SRC-COMPTIA-SY0701-V6|SRC-NIST-SP800-86|SRC-NIST-SP800-61R3,CompTIA objective 4.9; NIST forensic and incident-investigation guidance.,2026-08-01,2026-08-01,2026-08-01,approved,initial-quality-review,,Approved through the staging-review workflow. Batch 011 contains only stimulus-backed questions using the certification-neutral read-only stimulus contract.
SEC701-0000246,SEC-701,CompTIA Security+,SY0-701,6.0,1,SEC701-BATCH-011,5.0,Security Program Management and Oversight,5.1,Summarize elements of effective security governance.,Governance document hierarchy,document-table-policy-standard-mandatory-requirements,medium,multi_select,comparison,Select TWO answers.,Which TWO documents primarily state mandatory organizational requirements rather than recommendations or ordered task steps?,The risk-scoring guideline,The server-build procedure,The information security policy,The encryption standard,C|D,"Policies establish mandatory management direction, and standards define mandatory requirements that support policy. Guidelines recommend, while procedures describe ordered actions.",A guideline provides recommended methods with permitted flexibility.,A procedure provides step-by-step instructions for performing a task.,A policy establishes mandatory organizational intent and requirements.,"A standard defines required technologies, configurations, or performance criteria.",Policies|Standards|Procedures|Guidelines|Governance,SRC-COMPTIA-SY0701-V6|SRC-NIST-CSF2|SRC-NIST-SP800-53R5,CompTIA objective 5.1; NIST governance and control documentation concepts.,2026-08-01,2026-08-01,2026-08-01,approved,initial-quality-review,,Approved through the staging-review workflow. Batch 011 contains only stimulus-backed questions using the certification-neutral read-only stimulus contract.
SEC701-0000247,SEC-701,CompTIA Security+,SY0-701,6.0,1,SEC701-BATCH-011,5.0,Security Program Management and Oversight,5.2,Explain elements of the risk management process.,Control cost and risk reduction,ale-before-after-control-cost-comparison,medium,best_available,calculation,Choose the BEST conclusion.,"Using the risk values shown, which conclusion is accurate before considering qualitative benefits or implementation risk?","The current ALE is $100,000 and the residual ALE is $40,000","The control increases annual expected loss by $30,000",The estimated annual loss reduction equals the control's annual cost,The control removes all residual risk from the scenario,C,"Current SLE is $400,000 × 25% = $100,000 and current ALE is $50,000. Residual SLE is $40,000 and residual ALE is $20,000. The $30,000 reduction equals the $30,000 annual control cost.","Those values are the single-loss amounts, not the annualized losses after applying the 0.5 ARO.","The control reduces expected annual loss from $50,000 to $20,000.","The arithmetic shows a $30,000 annual reduction and a $30,000 annual cost.",The residual exposure factor and ALE remain above zero.,ALE|SLE|Exposure factor|ARO|Control cost|Risk treatment,SRC-COMPTIA-SY0701-V6|SRC-NIST-RISK-ALE|SRC-NIST-SP800-30R1,CompTIA objective 5.2; quantitative risk relationships and risk analysis.,2026-08-01,2026-08-01,2026-08-01,approved,initial-quality-review,,Approved through the staging-review workflow. Batch 011 contains only stimulus-backed questions using the certification-neutral read-only stimulus contract.
SEC701-0000248,SEC-701,CompTIA Security+,SY0-701,6.0,1,SEC701-BATCH-011,5.0,Security Program Management and Oversight,5.3,Explain the processes associated with third-party risk assessment and management.,Vendor due diligence gaps,vendor-evidence-vague-notification-undisclosed-subprocessors,medium,multi_select,comparison,Select TWO answers.,Which TWO vendor responses require the most direct follow-up before contract approval?,The incident-notification commitment lacks a defined reporting deadline,Critical subprocessors and their processing locations are not disclosed,Encryption evidence identifies protection at rest and in transit,The vendor provides results from its annual continuity exercise,A|B,"A vague notification commitment and undisclosed subprocessors leave material response, compliance, location, and dependency questions unresolved.",A measurable notification deadline is needed for incident coordination and possible legal obligations.,"Subprocessor identity, location, and oversight are important supply-chain and data-handling considerations.",The encryption response provides relevant control evidence rather than an obvious gap.,"The continuity exercise provides useful assurance, though its scope may still be reviewed normally.",Vendor due diligence|Incident notification|Subprocessors|Contract review,SRC-COMPTIA-SY0701-V6|SRC-NIST-SP800-161R1|SRC-NIST-SP800-47R1,CompTIA objective 5.3; NIST supplier and information-exchange agreement guidance.,2026-08-01,2026-08-01,2026-08-01,approved,initial-quality-review,,Approved through the staging-review workflow. Batch 011 contains only stimulus-backed questions using the certification-neutral read-only stimulus contract.
SEC701-0000249,SEC-701,CompTIA Security+,SY0-701,6.0,1,SEC701-BATCH-011,5.0,Security Program Management and Oversight,5.5,Explain types and purposes of audits and assessments.,Operating effectiveness evidence,quarterly-access-review-samples-operating-effectiveness,hard,best_available,comparison,Choose the BEST evidence.,An auditor is testing whether quarterly privileged-access reviews operated effectively throughout the year. Which item provides the strongest evidence?,The approved policy requiring privileged-access reviews,A diagram showing the identity platform's architecture,A vendor description of the platform's review features,Completed review samples from each quarter with approvals and follow-up,D,"Completed records from across the assessment period show that the control was performed, approved, and followed up repeatedly, which supports operating effectiveness.",The policy supports control design but does not show that the reviews occurred.,Architecture provides context but not evidence of quarterly performance.,Product capability does not prove the organization used the feature effectively.,The samples demonstrate operation across the year and include evidence of outcomes.,Audit evidence|Operating effectiveness|Sampling|Access reviews,SRC-COMPTIA-SY0701-V6|SRC-NIST-SP800-115|SRC-NIST-SP800-53R5,CompTIA objective 5.5; NIST assessment and access-review guidance.,2026-08-01,2026-08-01,2026-08-01,approved,initial-quality-review,,Approved through the staging-review workflow. Batch 011 contains only stimulus-backed questions using the certification-neutral read-only stimulus contract.
SEC701-0000250,SEC-701,CompTIA Security+,SY0-701,6.0,1,SEC701-BATCH-011,5.0,Security Program Management and Oversight,5.6,"Given a scenario, implement security awareness practices.",Targeted phishing training,simulation-results-finance-highest-risk-gap,easy,single_choice,scenario,,Which department should receive targeted phishing coaching first based on the results?,Finance,Sales,Information technology,Human resources,A,"Finance has the highest click rate and a low reporting rate, creating the largest immediate combination of risky interaction and weak reporting behavior.",Finance shows the highest click rate and only an 8% report rate.,"Sales also needs improvement, but its click rate is lower than Finance's.",IT has the lowest click rate and highest reporting rate in the table.,HR's results are weaker than IT's but less concerning than Finance's.,Phishing simulations|Targeted training|Reporting behavior|Security awareness,SRC-COMPTIA-SY0701-V6|SRC-CISA-PHISHING|SRC-NIST-SP800-53R5,CompTIA objective 5.6; phishing awareness and training concepts.,2026-08-01,2026-08-01,2026-08-01,approved,initial-quality-review,,Approved through the staging-review workflow. Batch 011 contains only stimulus-backed questions using the certification-neutral read-only stimulus contract.
SEC701-0000251,SEC-701,CompTIA Security+,SY0-701,6.0,1,SEC701-BATCH-012,1.0,General Security Concepts,1.1,Compare and contrast various types of security controls.,Security control functions,match-control-example-to-primary-function,easy,matching,comparison,Match each control example to its primary function.,A security analyst is reviewing how four controls primarily affect an event.,,,,,,"Each control is categorized by its main purpose: stopping an event, discovering it, repairing its effects, or discouraging it.",,,,,Security controls|Preventive|Detective|Corrective|Deterrent,SRC-COMPTIA-SY0701-V6|SRC-NIST-SP800-53R5,CompTIA objective 1.1; NIST control-purpose concepts.,2026-08-07,2026-08-07,2026-08-07,approved,initial-quality-review,,"Approved through the staging-review workflow. Batch 012 contains only structured-response questions using matching, classification, ordering, and selectable evidence-line interactions."
SEC701-0000252,SEC-701,CompTIA Security+,SY0-701,6.0,1,SEC701-BATCH-012,1.0,General Security Concepts,1.2,Summarize fundamental security concepts.,Authentication authorization and accounting,classify-aaa-security-actions,medium,matching,comparison,Classify each action by its primary AAA function. Categories may be used more than once.,"A team is mapping identity and access activities to authentication, authorization, and accounting.",,,,,,"Authentication verifies identity, authorization determines permitted actions, and accounting records activity for accountability.",,,,,AAA|Authentication|Authorization|Accounting|Identity and access management,SRC-COMPTIA-SY0701-V6|SRC-NIST-SP800-53R5,"CompTIA objective 1.2; NIST identification, access enforcement, and audit concepts.",2026-08-07,2026-08-07,2026-08-07,approved,initial-quality-review,,"Approved through the staging-review workflow. Batch 012 contains only structured-response questions using matching, classification, ordering, and selectable evidence-line interactions."
SEC701-0000253,SEC-701,CompTIA Security+,SY0-701,6.0,1,SEC701-BATCH-012,1.0,General Security Concepts,1.3,Explain the importance of change management processes and the impact to security.,Planned change workflow,order-planned-change-assess-approve-test-implement-validate,medium,ordering,scenario,Place the change actions in the correct order from first to last.,"A planned firewall change follows a controlled workflow: impact is assessed before approval, approved changes are tested before production, and production changes are validated and documented after implementation.",,,,,,"A controlled change moves from impact analysis to authorization, testing, implementation, and post-change validation and documentation.",,,,,Change management|Impact analysis|Approval|Testing|Validation,SRC-COMPTIA-SY0701-V6|SRC-NIST-SP800-128,CompTIA objective 1.3; NIST configuration change-control concepts.,2026-08-07,2026-08-07,2026-08-07,approved,initial-quality-review,,"Approved through the staging-review workflow. Batch 012 contains only structured-response questions using matching, classification, ordering, and selectable evidence-line interactions."
SEC701-0000254,SEC-701,CompTIA Security+,SY0-701,6.0,1,SEC701-BATCH-012,2.0,"Threats, Vulnerabilities, and Mitigations",2.4,"Given a scenario, analyze indicators of malicious activity.",Malicious activity indicators,match-evidence-to-attack-pattern,medium,matching,comparison,Match each observation to the attack or malicious technique it most strongly indicates.,"An analyst is triaging four unrelated observations from authentication, DNS, web, and endpoint evidence.",,,,,,"The observations map to password spraying, DNS tunneling, typosquatting, and rootkit behavior based on the distinctive evidence in each case.",,,,,Attack indicators|Password spraying|DNS tunneling|Typosquatting|Rootkits,SRC-COMPTIA-SY0701-V6|SRC-CISA-BRUTE-FORCE|SRC-MITRE-T1071-004|SRC-NIST-SP800-86,"CompTIA objective 2.4; primary guidance for authentication attacks, DNS misuse, and forensic indicators.",2026-08-07,2026-08-07,2026-08-07,approved,initial-quality-review,,"Approved through the staging-review workflow. Batch 012 contains only structured-response questions using matching, classification, ordering, and selectable evidence-line interactions."
SEC701-0000255,SEC-701,CompTIA Security+,SY0-701,6.0,1,SEC701-BATCH-012,2.0,"Threats, Vulnerabilities, and Mitigations",2.3,Explain various types of vulnerabilities.,Vulnerability categories,classify-application-misconfiguration-supply-chain-findings,hard,matching,comparison,Classify each finding by its primary vulnerability category. Categories may be used more than once.,"A vulnerability review combines application findings, configuration errors, and supplier-related weaknesses.",,,,,,"Application weaknesses arise in software logic, misconfigurations result from unsafe settings, and supply-chain weaknesses enter through trusted dependencies or supplier processes.",,,,,Vulnerabilities|Application security|Misconfiguration|Supply chain,SRC-COMPTIA-SY0701-V6|SRC-OWASP-SQLI|SRC-OWASP-API1-BOLA|SRC-NIST-SP800-161R1,CompTIA objective 2.3; OWASP application weaknesses and NIST supply-chain guidance.,2026-08-07,2026-08-07,2026-08-07,approved,initial-quality-review,,"Approved through the staging-review workflow. Batch 012 contains only structured-response questions using matching, classification, ordering, and selectable evidence-line interactions."
SEC701-0000256,SEC-701,CompTIA Security+,SY0-701,6.0,1,SEC701-BATCH-012,2.0,"Threats, Vulnerabilities, and Mitigations",2.2,Explain common threat vectors and attack surfaces.,Credential phishing progression,order-lookalike-site-credential-phishing-attack,easy,ordering,scenario,Place the attack actions in the order they would occur from preparation through account access.,An attacker uses a lookalike sign-in site to steal a user password and then signs in to the real service.,,,,,,"The attack requires preparation of the deceptive site, delivery of the lure, credential capture, credential use, and successful account access in that sequence.",,,,,Phishing|Typosquatting|Credential theft|Threat vectors,SRC-COMPTIA-SY0701-V6|SRC-CISA-PHISHING,CompTIA objective 2.2; CISA phishing concepts.,2026-08-07,2026-08-07,2026-08-07,approved,initial-quality-review,,"Approved through the staging-review workflow. Batch 012 contains only structured-response questions using matching, classification, ordering, and selectable evidence-line interactions."
SEC701-0000257,SEC-701,CompTIA Security+,SY0-701,6.0,1,SEC701-BATCH-012,2.0,"Threats, Vulnerabilities, and Mitigations",2.4,"Given a scenario, analyze indicators of malicious activity.",Password spraying evidence,select-auth-lines-password-spray-pattern,medium,line_select,scenario,Select exactly FOUR lines that together show the password-spraying pattern.,Which authentication events form the strongest pattern of one source trying a password across several different accounts?,,,,,,"Lines 1, 3, 5, and 6 show the same external source making a single failed attempt against four different accounts within seconds, which is characteristic of password spraying.",,,,,Password spraying|Authentication logs|Attack indicators,SRC-COMPTIA-SY0701-V6|SRC-CISA-BRUTE-FORCE|SRC-NIST-SP800-92,CompTIA objective 2.4; authentication attack and log-analysis guidance.,2026-08-07,2026-08-07,2026-08-07,approved,initial-quality-review,,"Approved through the staging-review workflow. Batch 012 contains only structured-response questions using matching, classification, ordering, and selectable evidence-line interactions."
SEC701-0000258,SEC-701,CompTIA Security+,SY0-701,6.0,1,SEC701-BATCH-012,2.0,"Threats, Vulnerabilities, and Mitigations",2.4,"Given a scenario, analyze indicators of malicious activity.",Directory traversal evidence,select-web-log-directory-traversal-requests,hard,line_select,scenario,Select exactly TWO lines that contain directory-traversal attempts.,A web server blocks several suspicious requests. Which log entries most directly show attempts to escape the intended download directory?,,,,,,"Lines 4 and 5 contain parent-directory traversal sequences, one in plain form and one URL-encoded, targeting operating-system files outside the intended download directory.",,,,,Directory traversal|Web logs|Application attacks|Encoded paths,SRC-COMPTIA-SY0701-V6|SRC-MITRE-CWE22|SRC-NIST-SP800-92,CompTIA objective 2.4; MITRE directory traversal weakness and log-analysis guidance.,2026-08-07,2026-08-07,2026-08-07,approved,initial-quality-review,,"Approved through the staging-review workflow. Batch 012 contains only structured-response questions using matching, classification, ordering, and selectable evidence-line interactions."
SEC701-0000259,SEC-701,CompTIA Security+,SY0-701,6.0,1,SEC701-BATCH-012,3.0,Security Architecture,3.1,Compare and contrast security implications of different architecture models.,Cloud delivery models,match-cloud-requirement-to-service-model,easy,matching,comparison,Match each requirement to the cloud delivery approach that best fits it.,A cloud architect is selecting different cloud delivery approaches for four workloads.,,,,,,The selected approach changes which platform layers the customer operates directly and how the workload is delivered.,,,,,Cloud architecture|IaaS|PaaS|SaaS|Serverless,SRC-COMPTIA-SY0701-V6|SRC-NIST-SP800-145|SRC-NIST-SP800-144,CompTIA objective 3.1; NIST cloud service-model definitions and security considerations.,2026-08-07,2026-08-07,2026-08-07,approved,initial-quality-review,,"Approved through the staging-review workflow. Batch 012 contains only structured-response questions using matching, classification, ordering, and selectable evidence-line interactions."
SEC701-0000260,SEC-701,CompTIA Security+,SY0-701,6.0,1,SEC701-BATCH-012,3.0,Security Architecture,3.3,Compare and contrast concepts and strategies to protect data.,Data states,classify-data-at-rest-transit-use,medium,matching,comparison,Classify each example by the primary data state being protected. Categories may be used more than once.,"A data-protection review covers stored records, network transfers, and information actively being processed.",,,,,,"Data at rest is stored, data in transit is moving across a communication path, and data in use is actively processed in memory or by an application.",,,,,Data states|Data at rest|Data in transit|Data in use,SRC-COMPTIA-SY0701-V6|SRC-RFC8446|SRC-NIST-SP800-77R1|SRC-NIST-SP800-53R5,CompTIA objective 3.3; transport protection and data-protection concepts.,2026-08-07,2026-08-07,2026-08-07,approved,initial-quality-review,,"Approved through the staging-review workflow. Batch 012 contains only structured-response questions using matching, classification, ordering, and selectable evidence-line interactions."
SEC701-0000261,SEC-701,CompTIA Security+,SY0-701,6.0,1,SEC701-BATCH-012,3.0,Security Architecture,3.4,Explain the importance of resilience and recovery in security architecture.,Warm-site recovery sequence,order-warm-site-declare-activate-restore-validate-redirect,medium,ordering,scenario,Place the recovery actions in the order used by the stated warm-site runbook.,"A warm-site runbook declares the primary site unavailable before activating alternate resources, restores approved data before application validation, and redirects users only after validation succeeds.",,,,,,"The runbook moves from declaration to alternate-site activation, data restoration, service validation, and user redirection.",,,,,Warm sites|Disaster recovery|Recovery sequence|Validation,SRC-COMPTIA-SY0701-V6|SRC-NIST-SP800-34R1,CompTIA objective 3.4; NIST contingency and recovery planning guidance.,2026-08-07,2026-08-07,2026-08-07,approved,initial-quality-review,,"Approved through the staging-review workflow. Batch 012 contains only structured-response questions using matching, classification, ordering, and selectable evidence-line interactions."
SEC701-0000262,SEC-701,CompTIA Security+,SY0-701,6.0,1,SEC701-BATCH-012,3.0,Security Architecture,3.2,"Given a scenario, apply security principles to secure enterprise infrastructure.",Management interface hardening,select-management-config-public-source-and-http,hard,line_select,scenario,Select exactly TWO lines that most directly weaken management-interface security.,A network appliance is intended to permit secure administration only from trusted management networks. Which configuration lines should be corrected first?,,,,,,"Line 2 permits management from any source, and line 4 enables the web administration interface over unencrypted HTTP.",,,,,Management interfaces|Secure protocols|Access restrictions|HTTP,SRC-COMPTIA-SY0701-V6|SRC-NIST-SP800-41R1|SRC-NIST-SP800-53R5,CompTIA objective 3.2; NIST network access-control and secure-configuration guidance.,2026-08-07,2026-08-07,2026-08-07,approved,initial-quality-review,,"Approved through the staging-review workflow. Batch 012 contains only structured-response questions using matching, classification, ordering, and selectable evidence-line interactions."
SEC701-0000263,SEC-701,CompTIA Security+,SY0-701,6.0,1,SEC701-BATCH-012,4.0,Security Operations,4.4,Explain security alerting and monitoring concepts and tools.,Security monitoring tools,match-security-tool-to-distinctive-evidence,medium,matching,comparison,Match each observation to the security tool most likely to produce it.,"A SOC analyst is reviewing evidence collected from endpoint, network, correlation, and data-protection systems.",,,,,,"EDR provides endpoint process telemetry, an IDS or IPS analyzes network attack patterns, a SIEM correlates events across sources, and DLP detects or blocks sensitive-data movement.",,,,,EDR|IDS and IPS|SIEM|DLP|Monitoring tools,SRC-COMPTIA-SY0701-V6|SRC-NIST-SP800-92|SRC-NIST-SP800-94|SRC-NIST-SP800-137,"CompTIA objective 4.4; NIST monitoring, logging, and intrusion-detection guidance.",2026-08-07,2026-08-07,2026-08-07,approved,initial-quality-review,,"Approved through the staging-review workflow. Batch 012 contains only structured-response questions using matching, classification, ordering, and selectable evidence-line interactions."
SEC701-0000264,SEC-701,CompTIA Security+,SY0-701,6.0,1,SEC701-BATCH-012,4.0,Security Operations,4.6,"Given a scenario, implement and maintain identity and access management.",Identity federation and access technologies,match-iam-technology-to-use-case,hard,matching,comparison,Match each identity or access technology to the use case it most directly supports.,"An identity team is selecting standards and controls for federation, delegated access, directory lookup, and phishing-resistant authentication.",,,,,,"SAML exchanges federation assertions, OAuth supports delegated authorization, LDAP accesses directory information, and phishing-resistant authenticators reduce verifier-impersonation risk.",,,,,SAML|OAuth|LDAP|Phishing-resistant authentication|IAM,SRC-COMPTIA-SY0701-V6|SRC-OASIS-SAML2|SRC-RFC6749|SRC-NIST-SP800-63B-4|SRC-NIST-SP800-53R5,"CompTIA objective 4.6; SAML, OAuth, LDAP/IAM, and NIST authentication guidance.",2026-08-07,2026-08-07,2026-08-07,approved,initial-quality-review,,"Approved through the staging-review workflow. Batch 012 contains only structured-response questions using matching, classification, ordering, and selectable evidence-line interactions."
SEC701-0000265,SEC-701,CompTIA Security+,SY0-701,6.0,1,SEC701-BATCH-012,4.0,Security Operations,4.3,Explain various activities associated with vulnerability management.,Vulnerability management activities,classify-identify-prioritize-remediate-validate-actions,medium,matching,comparison,Classify each activity by its primary vulnerability-management stage. Categories may be used more than once.,A security team is reviewing activities from discovery through confirmation that a weakness has been corrected.,,,,,,"Identification finds weaknesses, prioritization determines treatment order, remediation changes the vulnerable state, and validation confirms the treatment worked.",,,,,Vulnerability management|Identification|Prioritization|Remediation|Validation,SRC-COMPTIA-SY0701-V6|SRC-NIST-SP800-40R4|SRC-NIST-SP800-30R1,CompTIA objective 4.3; NIST vulnerability remediation and risk-analysis guidance.,2026-08-07,2026-08-07,2026-08-07,approved,initial-quality-review,,"Approved through the staging-review workflow. Batch 012 contains only structured-response questions using matching, classification, ordering, and selectable evidence-line interactions."
SEC701-0000266,SEC-701,CompTIA Security+,SY0-701,6.0,1,SEC701-BATCH-012,4.0,Security Operations,4.9,"Given a scenario, use data sources to support an investigation.",Investigation data sources,classify-investigation-evidence-by-source,hard,matching,comparison,Classify each evidence item by the source that would most directly produce it. Categories may be used more than once.,"An investigator is organizing identity, network, endpoint, and cloud evidence collected during an incident.",,,,,,"Different data sources answer different investigative questions about identities, network activity, endpoint processes, and cloud control-plane changes.",,,,,Investigation data|Identity logs|Network logs|Endpoint telemetry|Cloud audit logs,SRC-COMPTIA-SY0701-V6|SRC-NIST-SP800-92|SRC-NIST-SP800-86|SRC-NIST-SP800-137,"CompTIA objective 4.9; NIST logging, monitoring, and forensic data-source guidance.",2026-08-07,2026-08-07,2026-08-07,approved,initial-quality-review,,"Approved through the staging-review workflow. Batch 012 contains only structured-response questions using matching, classification, ordering, and selectable evidence-line interactions."
SEC701-0000267,SEC-701,CompTIA Security+,SY0-701,6.0,1,SEC701-BATCH-012,4.0,Security Operations,4.8,Explain appropriate incident response activities.,Incident response phases,order-incident-response-phases,easy,ordering,direct,Place the incident response phases in their typical sequence from preparation through improvement.,"Arrange the major response phases so that the organization prepares before incidents, limits damage before removing the cause, and reviews lessons after service recovery.",,,,,,"A common response sequence is preparation, detection and analysis, containment, eradication, recovery, and lessons learned.",,,,,Incident response|Preparation|Detection and analysis|Containment|Eradication|Recovery|Lessons learned,SRC-COMPTIA-SY0701-V6,CompTIA objective 4.8 incident response process and activity concepts.,2026-08-07,2026-08-07,2026-08-07,approved,initial-quality-review,,"Approved through the staging-review workflow. Batch 012 contains only structured-response questions using matching, classification, ordering, and selectable evidence-line interactions."
SEC701-0000268,SEC-701,CompTIA Security+,SY0-701,6.0,1,SEC701-BATCH-012,4.0,Security Operations,4.6,"Given a scenario, implement and maintain identity and access management.",Time-limited privileged access,order-pam-request-approve-grant-use-revoke,medium,ordering,scenario,Place the privileged-access actions in the correct order from request through automatic removal.,Engineers receive database administrator rights only for approved maintenance windows through the privileged access management system.,,,,,,"A controlled privileged-access workflow requests and approves the need, grants time-limited access, records its use, and removes the privilege when the approved window ends.",,,,,PAM|Just-in-time access|Privileged access|Approval|Session recording,SRC-COMPTIA-SY0701-V6|SRC-NIST-SP800-53R5,CompTIA objective 4.6; NIST privileged access and least-privilege concepts.,2026-08-07,2026-08-07,2026-08-07,approved,initial-quality-review,,"Approved through the staging-review workflow. Batch 012 contains only structured-response questions using matching, classification, ordering, and selectable evidence-line interactions."
SEC701-0000269,SEC-701,CompTIA Security+,SY0-701,6.0,1,SEC701-BATCH-012,4.0,Security Operations,4.9,"Given a scenario, use data sources to support an investigation.",Impossible travel investigation,select-two-signins-impossible-travel,medium,line_select,scenario,Select exactly TWO lines that create the strongest impossible-travel signal for the same account.,Which authentication events should the analyst correlate first when investigating the location-anomaly alert?,,,,,,"Lines 1 and 2 show successful sign-ins for the same account from Orlando and Frankfurt only five minutes apart, creating the strongest impossible-travel signal in the evidence.",,,,,Authentication logs|Impossible travel|Investigation|User activity,SRC-COMPTIA-SY0701-V6|SRC-NIST-SP800-92|SRC-NIST-SP800-137,CompTIA objective 4.9; NIST log correlation and monitoring guidance.,2026-08-07,2026-08-07,2026-08-07,approved,initial-quality-review,,"Approved through the staging-review workflow. Batch 012 contains only structured-response questions using matching, classification, ordering, and selectable evidence-line interactions."
SEC701-0000270,SEC-701,CompTIA Security+,SY0-701,6.0,1,SEC701-BATCH-012,5.0,Security Program Management and Oversight,5.1,Summarize elements of effective security governance.,Governance document types,match-governance-document-to-description,easy,matching,comparison,Match each governance document type to the description that best fits it.,"A governance review compares organization-wide direction with mandatory specifications, repeatable instructions, and recommended practices.",,,,,,"Policies set management direction, standards define mandatory requirements, procedures provide repeatable steps, and guidelines recommend practices that allow judgment.",,,,,Governance|Policy|Standard|Procedure|Guideline,SRC-COMPTIA-SY0701-V6|SRC-NIST-CSF2|SRC-NIST-SP800-53R5,CompTIA objective 5.1; governance and control-document concepts.,2026-08-07,2026-08-07,2026-08-07,approved,initial-quality-review,,"Approved through the staging-review workflow. Batch 012 contains only structured-response questions using matching, classification, ordering, and selectable evidence-line interactions."
SEC701-0000271,SEC-701,CompTIA Security+,SY0-701,6.0,1,SEC701-BATCH-012,5.0,Security Program Management and Oversight,5.2,Explain elements of the risk management process.,Risk treatment strategies,classify-risk-treatment-avoid-transfer-mitigate-accept,medium,matching,comparison,Classify each decision by its primary risk treatment strategy. Categories may be used more than once.,"A risk committee is reviewing different decisions for reducing, shifting, eliminating, or knowingly retaining risk.",,,,,,"Avoidance removes the risky activity, transfer shifts part of the financial or contractual impact, mitigation reduces likelihood or impact, and acceptance knowingly retains the remaining risk.",,,,,Risk treatment|Avoidance|Transfer|Mitigation|Acceptance,SRC-COMPTIA-SY0701-V6|SRC-NIST-SP800-30R1|SRC-NIST-CSF2,CompTIA objective 5.2; NIST risk-response concepts.,2026-08-07,2026-08-07,2026-08-07,approved,initial-quality-review,,"Approved through the staging-review workflow. Batch 012 contains only structured-response questions using matching, classification, ordering, and selectable evidence-line interactions."
SEC701-0000272,SEC-701,CompTIA Security+,SY0-701,6.0,1,SEC701-BATCH-012,5.0,Security Program Management and Oversight,5.3,Explain the processes associated with third-party risk assessment and management.,Third-party risk lifecycle,order-vendor-requirements-due-diligence-contract-monitor-offboard,hard,ordering,scenario,Place the third-party risk activities in the correct lifecycle order from planning through offboarding.,An organization is engaging a provider that will process regulated customer data and operate a critical service.,,,,,,"A controlled vendor lifecycle defines requirements before selection, performs due diligence before contracting and onboarding, monitors the relationship during service, and removes access and handles data at termination.",,,,,Third-party risk|Due diligence|Contracts|Monitoring|Offboarding,SRC-COMPTIA-SY0701-V6|SRC-NIST-SP800-161R1|SRC-NIST-SP800-47R1,CompTIA objective 5.3; NIST supplier and information-exchange lifecycle guidance.,2026-08-07,2026-08-07,2026-08-07,approved,initial-quality-review,,"Approved through the staging-review workflow. Batch 012 contains only structured-response questions using matching, classification, ordering, and selectable evidence-line interactions."
SEC701-0000273,SEC-701,CompTIA Security+,SY0-701,6.0,1,SEC701-BATCH-012,5.0,Security Program Management and Oversight,5.3,Explain the processes associated with third-party risk assessment and management.,Vendor due diligence evidence,select-vendor-responses-notification-and-backup-gap,medium,line_select,comparison,Select exactly TWO lines that require the most direct follow-up before contract approval.,The provider will process regulated data and host a critical service. Which questionnaire responses reveal the clearest unresolved notification or resilience concerns?,,,,,,"Line 2 lacks a measurable incident-notification deadline, and line 5 places primary and backup copies in the same region, creating a correlated recovery dependency.",,,,,Vendor due diligence|Incident notification|Backup resilience|Third-party risk,SRC-COMPTIA-SY0701-V6|SRC-NIST-SP800-161R1|SRC-NIST-SP800-47R1|SRC-NIST-SP800-34R1,"CompTIA objective 5.3; NIST supplier, agreement, and contingency planning guidance.",2026-08-07,2026-08-07,2026-08-07,approved,initial-quality-review,,"Approved through the staging-review workflow. Batch 012 contains only structured-response questions using matching, classification, ordering, and selectable evidence-line interactions."
SEC701-0000274,SEC-701,CompTIA Security+,SY0-701,6.0,1,SEC701-BATCH-012,5.0,Security Program Management and Oversight,5.6,"Given a scenario, implement security awareness practices.",Phishing message indicators,select-phishing-reply-to-and-deceptive-hostname,easy,line_select,scenario,Select exactly TWO lines that most directly indicate the message may be phishing.,An employee receives the following payroll message. Which lines should cause the employee to verify the request through a trusted channel instead of using the message?,,,,,,"Line 2 sends replies to a different lookalike domain, and line 6 uses a deceptive hostname whose actual destination is not the company payroll domain.",,,,,Phishing awareness|Lookalike domains|Reply-To|URL inspection|Reporting,SRC-COMPTIA-SY0701-V6|SRC-CISA-PHISHING,CompTIA objective 5.6; CISA phishing-recognition and reporting guidance.,2026-08-07,2026-08-07,2026-08-07,approved,initial-quality-review,,"Approved through the staging-review workflow. Batch 012 contains only structured-response questions using matching, classification, ordering, and selectable evidence-line interactions."
